t,s
0.0,0.0
1e-05,9.991682600056776e-07
2e-05,1.4130373043927561e-06
3e-05,1.7306101916400238e-06
4e-05,1.9983365200113552e-06
5e-05,2.2342081503328796e-06
6e-05,2.447452404198423e-06
7e-05,2.6435507338841473e-06
8e-05,2.8260746087855122e-06
9e-05,2.9975047800170326e-06
0.0001,3.159647467365265e-06
0.00011,3.3138662208711e-06
0.00012,3.4612203832800477e-06
0.00013,3.6025523942666057e-06
0.00014,3.7385453006803096e-06
0.00015,3.869762031061032e-06
0.00016,3.9966730400227105e-06
0.00017,4.119676273768019e-06
0.00018,4.239111913178268e-06
0.00019,4.355273472958121e-06
0.0002,4.468416300665759e-06
0.00021,4.578764183473335e-06
0.00022,4.6865145534459846e-06
0.00023,4.791842638428748e-06
0.00024,4.894904808396846e-06
0.00025,4.995841300028388e-06
0.00026,5.0947784551314995e-06
0.00027,5.191830574920072e-06
0.00028,5.2871014677682945e-06
0.00029,5.380685750188393e-06
0.0003,5.472669947482965e-06
0.00031,5.563133430530493e-06
0.00032,5.6521492175710245e-06
0.00033,5.739784664035013e-06
0.00034,5.826102058949388e-06
0.00035,5.91115914293441e-06
0.00036,5.995009560034065e-06
0.00037,6.077703253425805e-06
0.00038,6.1592868133011464e-06
0.00039,6.239803783798667e-06
0.0004,6.31929493473053e-06
0.00041,6.397798502915961e-06
0.00042,6.475350407176162e-06
0.00043,6.551984440421028e-06
0.00044,6.6277324417422e-06
0.00045,6.702624450998639e-06
0.00046,6.776688848023611e-06
0.00047,6.849952478282631e-06
0.00048,6.922440766560095e-06
0.00049,6.994177820039744e-06
0.0005,7.065186521963781e-06
0.00051,7.135488616902241e-06
0.00052,7.205104788533211e-06
0.00053,7.274054730722542e-06
0.00054,7.342357212595268e-06
0.00055,7.410030138208113e-06
0.00056,7.477090601360619e-06
0.00057,7.543554936020424e-06
0.00058,7.6094387627840765e-06
0.00059,7.674757031747886e-06
0.0006,7.739524062122064e-06
0.00061,7.80375357888556e-06
0.00062,7.867458746747386e-06
0.00063,7.930652201652441e-06
0.00064,7.993346080045421e-06
0.00065,8.055552046084755e-06
0.00066,8.117281316979415e-06
0.00067,8.178544686604446e-06
0.00068,8.239352547536037e-06
0.00069,8.299714911633493e-06
0.0007,8.359641429283563e-06
0.00071,8.419141407411857e-06
0.00072,8.478223826356537e-06
0.00073,8.536897355690911e-06
0.00074,8.595170369073858e-06
0.00075,8.653050958200118e-06
0.00076,8.710546945916243e-06
0.00077,8.767665898562373e-06
0.00078,8.824415137595031e-06
0.00079,8.880801750541394e-06
0.0008,8.936832601331518e-06
0.00081,8.992514340051098e-06
0.00082,9.047853412154037e-06
0.00083,9.102856067170907e-06
0.00084,9.15752836694667e-06
0.00085,9.211876193438324e-06
0.00086,9.265905256100912e-06
0.00087,9.319621098888156e-06
0.00088,9.373029106891969e-06
0.00089,9.42613451264339e-06
0.0009,9.478942402095796e-06
0.00091,9.531457720309753e-06
0.00092,9.583685276857496e-06
0.00093,9.635629750963759e-06
0.00094,9.68729569639849e-06
0.00095,9.738687546135951e-06
0.00096,9.789809616793692e-06
0.00097,9.840666112863956e-06
0.00098,9.891261130749295e-06
0.00099,9.9415986626133e-06
0.001,9.991682600056777e-06
0.00101,1.004151673762884e-05
0.00102,1.0091104776181985e-05
0.00103,1.014045032607949e-05
0.00104,1.0189556910262999e-05
0.00105,1.0238427967187699e-05
0.00106,1.028706685363199e-05
0.00107,1.0335476847388163e-05
0.00108,1.0383661149840144e-05
0.00109,1.0431622888434105e-05
0.0011,1.0479365119047292e-05
0.00111,1.052689082826016e-05
0.00112,1.0574202935536589e-05
0.00113,1.062130429531672e-05
0.00114,1.0668197699026587e-05
0.00115,1.0714885877008627e-05
0.00116,1.0761371500376786e-05
0.00117,1.0807657182799816e-05
0.00118,1.085374548221614e-05
0.00119,1.0899638902483423e-05
0.0012,1.094533989496593e-05
0.00121,1.0990850860062455e-05
0.00122,1.1036174148677537e-05
0.00123,1.1081312063638544e-05
0.00124,1.1126266861060986e-05
0.00125,1.1171040751664398e-05
0.00126,1.121563590204093e-05
0.00127,1.1260054435878728e-05
0.00128,1.1304298435142049e-05
0.00129,1.1348369941209961e-05
0.0013,1.1392270955975397e-05
0.00131,1.1436003442906239e-05
0.00132,1.1479569328070026e-05
0.00133,1.1522970501123783e-05
0.00134,1.1566208816270421e-05
0.00135,1.1609286093183095e-05
0.00136,1.1652204117898776e-05
0.00137,1.1694964643682338e-05
0.00138,1.1737569391862301e-05
0.00139,1.1780020052639364e-05
0.0014,1.182231828586882e-05
0.00141,1.1864465721817863e-05
0.00142,1.1906463961898756e-05
0.00143,1.1948314579378825e-05
0.00144,1.199001912006813e-05
0.00145,1.2031579102985697e-05
0.00146,1.2072996021005098e-05
0.00147,1.2114271341480166e-05
0.00148,1.215540650685161e-05
0.00149,1.2196402935235177e-05
0.0015,1.2237262020992116e-05
0.00151,1.227798513528253e-05
0.00152,1.2318573626602293e-05
0.00153,1.2359028821304057e-05
0.00154,1.2399352024102997e-05
0.00155,1.2439544518567787e-05
0.00156,1.2479607567597334e-05
0.00157,1.25195424138838e-05
0.00158,1.2559350280362363e-05
0.00159,1.259903237064819e-05
0.0016,1.263858986946106e-05
0.00161,1.2678023943038066e-05
0.00162,1.2717335739534807e-05
0.00163,1.2756526389415422e-05
0.00164,1.2795597005831922e-05
0.00165,1.283454868499308e-05
0.00166,1.287338250652331e-05
0.00167,1.2912099533811809e-05
0.00168,1.2950700814352323e-05
0.00169,1.298918738007381e-05
0.0017,1.3027560247662318e-05
0.00171,1.3065820418874363e-05
0.00172,1.3103968880842057e-05
0.00173,1.3142006606370269e-05
0.00174,1.3179934554226079e-05
0.00175,1.3217753669420735e-05
0.00176,1.32554648834844e-05
0.00177,1.3293069114733847e-05
0.00178,1.3330567268533385e-05
0.00179,1.3367960237549198e-05
0.0018,1.3405248901997277e-05
0.00181,1.3442434129885182e-05
0.00182,1.3479516777247796e-05
0.00183,1.3516497688377251e-05
0.00184,1.3553377696047222e-05
0.00185,1.3590157621731733e-05
0.00186,1.3626838275818636e-05
0.00187,1.366342045781797e-05
0.00188,1.3699904956565261e-05
0.00189,1.3736292550420008e-05
0.0019,1.3772584007459418e-05
0.00191,1.3808780085667588e-05
0.00192,1.384488153312019e-05
0.00193,1.3880889088164894e-05
0.00194,1.3916803479597534e-05
0.00195,1.3952625426834221e-05
0.00196,1.3988355640079488e-05
0.00197,1.402399482049057e-05
0.00198,1.4059543660337952e-05
0.00199,1.409500284316225e-05
0.002,1.4130373043927561e-05
0.00201,1.416565492917138e-05
0.00202,1.420084915715114e-05
0.00203,1.4235956377987501e-05
0.00204,1.4270977233804482e-05
0.00205,1.4305912358866476e-05
0.00206,1.4340762379712291e-05
0.00207,1.4375527915286244e-05
0.00208,1.4410209577066423e-05
0.00209,1.4444807969190164e-05
0.0021,1.4479323688576839e-05
0.00211,1.4513757325048023e-05
0.00212,1.4548109461445084e-05
0.00213,1.4582380673744282e-05
0.00214,1.461657153116946e-05
0.00215,1.4650682596302338e-05
0.00216,1.4684714425190536e-05
0.00217,1.4718667567453306e-05
0.00218,1.4752542566385112e-05
0.00219,1.4786339959057054e-05
0.0022,1.4820060276416225e-05
0.00221,1.4853704043383016e-05
0.00222,1.4887271778946462e-05
0.00223,1.4920763996257647e-05
0.00224,1.4954181202721239e-05
0.00225,1.4987523900085165e-05
0.00226,1.5020792584528514e-05
0.00227,1.505398774674769e-05
0.00228,1.5087109872040847e-05
0.00229,1.5120159440390672e-05
0.0023,1.5153136926545537e-05
0.00231,1.5186042800099063e-05
0.00232,1.5218877525568153e-05
0.00233,1.525164156246947e-05
0.00234,1.5284335365394497e-05
0.00235,1.5316959384083113e-05
0.00236,1.5349514063495773e-05
0.00237,1.538199984388432e-05
0.00238,1.5414417160861456e-05
0.00239,1.5446766445468867e-05
0.0024,1.5479048124244128e-05
0.00241,1.5511262619286297e-05
0.00242,1.554341034832032e-05
0.00243,1.5575491724760217e-05
0.00244,1.560750715777112e-05
0.00245,1.5639457052330157e-05
0.00246,1.5671341809286217e-05
0.00247,1.5703161825418634e-05
0.00248,1.5734917493494772e-05
0.00249,1.5766609202326624e-05
0.0025,1.5798237336826326e-05
0.00251,1.5829802278060714e-05
0.00252,1.5861304403304883e-05
0.00253,1.5892744086094812e-05
0.00254,1.5924121696279026e-05
0.00255,1.5955437600069362e-05
0.00256,1.5986692160090842e-05
0.00257,1.601788573543065e-05
0.00258,1.6049018681686293e-05
0.00259,1.6080091351012853e-05
0.0026,1.611110409216951e-05
0.00261,1.6142057250565178e-05
0.00262,1.617295116830341e-05
0.00263,1.6203786184226495e-05
0.00264,1.623456263395883e-05
0.00265,1.626528084994953e-05
0.00266,1.6295941161514353e-05
0.00267,1.632654389487685e-05
0.00268,1.6357089373208893e-05
0.00269,1.6387577916670483e-05
0.0027,1.6418009842448895e-05
0.00271,1.6448385464797196e-05
0.00272,1.6478705095072075e-05
0.00273,1.6508969041771117e-05
0.00274,1.653917761056939e-05
0.00275,1.65693311043555e-05
0.00276,1.6599429823266987e-05
0.00277,1.6629474064725206e-05
0.00278,1.6659464123469608e-05
0.00279,1.6689400291591478e-05
0.0028,1.6719282858567125e-05
0.00281,1.674911211129054e-05
0.00282,1.6778888334105512e-05
0.00283,1.68086118088373e-05
0.00284,1.6838282814823715e-05
0.00285,1.6867901628945742e-05
0.00286,1.6897468525657718e-05
0.00287,1.692698377701698e-05
0.00288,1.6956447652713073e-05
0.00289,1.698586042009652e-05
0.0029,1.701522234420709e-05
0.00291,1.7044533687801703e-05
0.00292,1.7073794711381823e-05
0.00293,1.71030056732205e-05
0.00294,1.713216682938896e-05
0.00295,1.716127843378279e-05
0.00296,1.7190340738147716e-05
0.00297,1.7219353992105037e-05
0.00298,1.7248318443176615e-05
0.00299,1.72772343368095e-05
0.003,1.7306101916400236e-05
0.00301,1.7334921423318732e-05
0.00302,1.7363693096931817e-05
0.00303,1.7392417174626426e-05
0.00304,1.7421093891832485e-05
0.00305,1.744972348204538e-05
0.00306,1.747830617684816e-05
0.00307,1.7506842205933413e-05
0.00308,1.7535331797124746e-05
0.00309,1.7563775176398068e-05
0.0031,1.7592172567902456e-05
0.00311,1.7620524193980795e-05
0.00312,1.7648830275190062e-05
0.00313,1.7677091030321366e-05
0.00314,1.770530667641967e-05
0.00315,1.773347742880323e-05
0.00316,1.776160350108279e-05
0.00317,1.778968510518045e-05
0.00318,1.781772245134832e-05
0.00319,1.7845715748186864e-05
0.0032,1.7873665202663036e-05
0.00321,1.79015710201281e-05
0.00322,1.792943340433526e-05
0.00323,1.7957252557456994e-05
0.00324,1.7985028680102196e-05
0.00325,1.801276197133303e-05
0.00326,1.804045262868158e-05
0.00327,1.8068100848166275e-05
0.00328,1.8095706824308073e-05
0.00329,1.812327075014641e-05
0.0033,1.8150792817254986e-05
0.00331,1.8178273215757267e-05
0.00332,1.8205712134341814e-05
0.00333,1.8233109760277415e-05
0.00334,1.8260466279427976e-05
0.00335,1.8287781876267255e-05
0.00336,1.831505673389334e-05
0.00337,1.834229103404301e-05
0.00338,1.836948495710583e-05
0.00339,1.839663868213811e-05
0.0034,1.8423752386876647e-05
0.00341,1.8450826247752313e-05
0.00342,1.847786043990344e-05
0.00343,1.850485513718903e-05
0.00344,1.8531810512201824e-05
0.00345,1.8558726736281153e-05
0.00346,1.858560397952565e-05
0.00347,1.86124424108058e-05
0.00348,1.8639242197776312e-05
0.00349,1.8666003506888343e-05
0.0035,1.8692726503401546e-05
0.00351,1.8719411351396e-05
0.00352,1.8746058213783938e-05
0.00353,1.8772667252321368e-05
0.00354,1.8799238627619516e-05
0.00355,1.8825772499156165e-05
0.00356,1.885226902528678e-05
0.00357,1.8878728363255564e-05
0.00358,1.890515066920634e-05
0.00359,1.893153609819329e-05
0.0036,1.8957884804191593e-05
0.00361,1.8984196940107874e-05
0.00362,1.90104726577906e-05
0.00363,1.903671210804026e-05
0.00364,1.9062915440619507e-05
0.00365,1.9089082804263076e-05
0.00366,1.9115214346687696e-05
0.00367,1.9141310214601764e-05
0.00368,1.9167370553714992e-05
0.00369,1.919339550874788e-05
0.0037,1.9219385223441105e-05
0.00371,1.9245339840564753e-05
0.00372,1.9271259501927517e-05
0.00373,1.9297144348385707e-05
0.00374,1.9322994519852178e-05
0.00375,1.934881015530516e-05
0.00376,1.937459139279698e-05
0.00377,1.9400338369462675e-05
0.00378,1.9426051221528484e-05
0.00379,1.945173008432029e-05
0.0038,1.9477375092271903e-05
0.00381,1.9502986378933272e-05
0.00382,1.952856407697861e-05
0.00383,1.9554108318214417e-05
0.00384,1.9579619233587384e-05
0.00385,1.9605096953192243e-05
0.00386,1.96305416062795e-05
0.00387,1.9655953321263084e-05
0.00388,1.9681332225727912e-05
0.00389,1.970667844643736e-05
0.0039,1.973199210934065e-05
0.00391,1.9757273339580144e-05
0.00392,1.978252226149859e-05
0.00393,1.980773899864621e-05
0.00394,1.9832923673787802e-05
0.00395,1.985807640890969e-05
0.00396,1.98831973252266e-05
0.00397,1.990828654318852e-05
0.00398,1.993334418248739e-05
0.00399,1.9958370362063796e-05
0.004,1.9983365200113553e-05
0.00401,2.0008328814094197e-05
0.00402,2.003326132073145e-05
0.00403,2.005816283602558e-05
0.00404,2.008303347525768e-05
0.00405,2.010787335299592e-05
0.00406,2.0132682583101688e-05
0.00407,2.015746127873569e-05
0.00408,2.018220955236397e-05
0.00409,2.0206927515763856e-05
0.0041,2.0231615280029843e-05
0.00411,2.0256272955579462e-05
0.00412,2.028090065215898e-05
0.00413,2.0305498478849157e-05
0.00414,2.033006654407083e-05
0.00415,2.035460495559054e-05
0.00416,2.0379113820525998e-05
0.00417,2.0403593245351577e-05
0.00418,2.0428043335903694e-05
0.00419,2.0452464197386144e-05
0.0042,2.0476855934375397e-05
0.00421,2.0501218650825797e-05
0.00422,2.052555245007477e-05
0.00423,2.054985743484789e-05
0.00424,2.057413370726398e-05
0.00425,2.0598381368840094e-05
0.00426,2.0622600520496476e-05
0.00427,2.064679126256146e-05
0.00428,2.0670953694776326e-05
0.00429,2.0695087916300085e-05
0.0043,2.0719194025714236e-05
0.00431,2.0743272121027468e-05
0.00432,2.0767322299680288e-05
0.00433,2.0791344658549647e-05
0.00434,2.0815339293953478e-05
0.00435,2.083930630165521e-05
0.00436,2.086324577686821e-05
0.00437,2.0887157814260224e-05
0.00438,2.0911042507957722e-05
0.00439,2.0934899951550222e-05
0.0044,2.0958730238094583e-05
0.00441,2.0982533460119232e-05
0.00442,2.100630970962834e-05
0.00443,2.1030059078106004e-05
0.00444,2.105378165652032e-05
0.00445,2.107747753532747e-05
0.00446,2.1101146804475745e-05
0.00447,2.1124789553409513e-05
0.00448,2.1148405871073178e-05
0.00449,2.1171995845915077e-05
0.0045,2.1195559565891344e-05
0.00451,2.1219097118469738e-05
0.00452,2.124260859063344e-05
0.00453,2.1266094068884778e-05
0.00454,2.1289553639248974e-05
0.00455,2.1312987387277784e-05
0.00456,2.1336395398053173e-05
0.00457,2.13597777561909e-05
0.00458,2.1383134545844076e-05
0.00459,2.1406465850706722e-05
0.0046,2.1429771754017254e-05
0.00461,2.1453052338561954e-05
0.00462,2.147630768667839e-05
0.00463,2.1499537880258825e-05
0.00464,2.1522743000753572e-05
0.00465,2.1545923129174337e-05
0.00466,2.1569078346097506e-05
0.00467,2.159220873166743e-05
0.00468,2.161531436559963e-05
0.00469,2.1638395327184056e-05
0.0047,2.166145169528819e-05
0.00471,2.168448354836025e-05
0.00472,2.170749096443228e-05
0.00473,2.1730474021123237e-05
0.00474,2.1753432795642037e-05
0.00475,2.1776367364790605e-05
0.00476,2.1799277804966845e-05
0.00477,2.1822164192167626e-05
0.00478,2.1845026601991716e-05
0.00479,2.1867865109642698e-05
0.0048,2.189067978993186e-05
0.00481,2.191347071728105e-05
0.00482,2.19362379657255e-05
0.00483,2.1958981608916647e-05
0.00484,2.198170172012491e-05
0.00485,2.2004398372242425e-05
0.00486,2.2027071637785806e-05
0.00487,2.204972158889882e-05
0.00488,2.2072348297355073e-05
0.00489,2.2094951834560675e-05
0.0049,2.2117532271556856e-05
0.00491,2.214008967902257e-05
0.00492,2.2162624127277088e-05
0.00493,2.2185135686282544e-05
0.00494,2.220762442564648e-05
0.00495,2.2230090414624337e-05
0.00496,2.2252533722121972e-05
0.00497,2.2274954416698106e-05
0.00498,2.229735256656676e-05
0.00499,2.2319728239599694e-05
0.005,2.2342081503328796e-05
0.00501,2.236441242494847e-05
0.00502,2.2386721071317976e-05
0.00503,2.240900750896378e-05
0.00504,2.243127180408186e-05
0.00505,2.2453514022540003e-05
0.00506,2.2475734229880085e-05
0.00507,2.249793249132031e-05
0.00508,2.2520108871757456e-05
0.00509,2.2542263435769084e-05
0.0051,2.2564396247615723e-05
0.00511,2.2586507371243066e-05
0.00512,2.2608596870284098e-05
0.00513,2.2630664808061268e-05
0.00514,2.2652711247588565e-05
0.00515,2.267473625157365e-05
0.00516,2.2696739882419923e-05
0.00517,2.271872220222858e-05
0.00518,2.274068327280068e-05
0.00519,2.2762623155639147e-05
0.0052,2.2784541911950793e-05
0.00521,2.2806439602648305e-05
0.00522,2.282831628835223e-05
0.00523,2.2850172029392918e-05
0.00524,2.2872006885812477e-05
0.00525,2.289382091736668e-05
0.00526,2.2915614183526893e-05
0.00527,2.293738674348195e-05
0.00528,2.295913865614005e-05
0.00529,2.2980869980130586e-05
0.0053,2.3002580773806008e-05
0.00531,2.302427109524366e-05
0.00532,2.3045941002247566e-05
0.00533,2.3067590552350244e-05
0.00534,2.3089219802814495e-05
0.00535,2.311082881063515e-05
0.00536,2.3132417632540843e-05
0.00537,2.315398632499573e-05
0.00538,2.3175534944201225e-05
0.00539,2.3197063546097703e-05
0.0054,2.321857218636619e-05
0.00541,2.324006092043006e-05
0.00542,2.3261529803456677e-05
0.00543,2.3282978890359066e-05
0.00544,2.3304408235797552e-05
0.00545,2.3325817894181365e-05
0.00546,2.3347207919670273e-05
0.00547,2.336857836617617e-05
0.00548,2.3389929287364676e-05
0.00549,2.3411260736656678e-05
0.0055,2.343257276722992e-05
0.00551,2.3453865432020542e-05
0.00552,2.3475138783724602e-05
0.00553,2.3496392874799608e-05
0.00554,2.3517627757466027e-05
0.00555,2.3538843483708776e-05
0.00556,2.356004010527873e-05
0.00557,2.3581217673694136e-05
0.00558,2.360237624024216e-05
0.00559,2.362351585598025e-05
0.0056,2.364463657173764e-05
0.00561,2.3665738438116733e-05
0.00562,2.368682150549454e-05
0.00563,2.370788582402407e-05
0.00564,2.3728931443635726e-05
0.00565,2.3749958414038686e-05
0.00566,2.3770966784722277e-05
0.00567,2.3791956604957326e-05
0.00568,2.381292792379751e-05
0.00569,2.3833880790080706e-05
0.0057,2.385481525243029e-05
0.00571,2.3875731359256486e-05
0.00572,2.389662915875765e-05
0.00573,2.3917508698921574e-05
0.00574,2.3938370027526767e-05
0.00575,2.3959213192143744e-05
0.00576,2.398003824013626e-05
0.00577,2.4000845218662618e-05
0.00578,2.4021634174676856e-05
0.00579,2.4042405154930023e-05
0.0058,2.4063158205971395e-05
0.00581,2.408389337414969e-05
0.00582,2.410461070561427e-05
0.00583,2.4125310246316356e-05
0.00584,2.4145992042010195e-05
0.00585,2.4166656138254262e-05
0.00586,2.418730258041242e-05
0.00587,2.420793141365507e-05
0.00588,2.4228542682960333e-05
0.00589,2.424913643311517e-05
0.0059,2.426971270871652e-05
0.00591,2.4290271554172445e-05
0.00592,2.431081301370322e-05
0.00593,2.4331337131342463e-05
0.00594,2.4351843950938242e-05
0.00595,2.4372333516154137e-05
0.00596,2.4392805870470354e-05
0.00597,2.4413261057184796e-05
0.00598,2.4433699119414122e-05
0.00599,2.4454120100094813e-05
0.006,2.447452404198423e-05
0.00601,2.449491098766164e-05
0.00602,2.4515280979529267e-05
0.00603,2.4535634059813342e-05
0.00604,2.455597027056506e-05
0.00605,2.457628965366168e-05
0.00606,2.4596592250807444e-05
0.00607,2.4616878103534644e-05
0.00608,2.4637147253204586e-05
0.00609,2.4657399741008562e-05
0.0061,2.467763560796884e-05
0.00611,2.4697854894939654e-05
0.00612,2.4718057642608114e-05
0.00613,2.4738243891495212e-05
0.00614,2.475841368195674e-05
0.00615,2.4778567054184257e-05
0.00616,2.4798704048205995e-05
0.00617,2.4818824703887794e-05
0.00618,2.483892906093405e-05
0.00619,2.485901715888858e-05
0.0062,2.4879089037135575e-05
0.00621,2.4899144734900477e-05
0.00622,2.4919184291250886e-05
0.00623,2.4939207745097434e-05
0.00624,2.495921513519467e-05
0.00625,2.497920650014194e-05
0.00626,2.4999181878384267e-05
0.00627,2.5019141308213176e-05
0.00628,2.50390848277676e-05
0.00629,2.50590124750347e-05
0.0063,2.5078924287850693e-05
0.00631,2.5098820303901736e-05
0.00632,2.5118700560724726e-05
0.00633,2.513856509570814e-05
0.00634,2.5158413946092832e-05
0.00635,2.517824714897288e-05
0.00636,2.519806474129638e-05
0.00637,2.521786675986624e-05
0.00638,2.523765324134099e-05
0.00639,2.5257424222235576e-05
0.0064,2.527717973892212e-05
0.00641,2.529691982763075e-05
0.00642,2.531664452445032e-05
0.00643,2.533635386532923e-05
0.00644,2.5356047886076132e-05
0.00645,2.5375726622360768e-05
0.00646,2.5395390109714626e-05
0.00647,2.5415038383531796e-05
0.00648,2.5434671479069614e-05
0.00649,2.5454289431449463e-05
0.0065,2.54738922756575e-05
0.00651,2.5493480046545342e-05
0.00652,2.5513052778830844e-05
0.00653,2.553261050709878e-05
0.00654,2.5552153265801572e-05
0.00655,2.5571681089259982e-05
0.00656,2.5591194011663844e-05
0.00657,2.561069206707273e-05
0.00658,2.563017528941667e-05
0.00659,2.564964371249682e-05
0.0066,2.566909736998616e-05
0.00661,2.5688536295430176e-05
0.00662,2.5707960522247504e-05
0.00663,2.572737008373065e-05
0.00664,2.574676501304662e-05
0.00665,2.5766145343237595e-05
0.00666,2.578551110722157e-05
0.00667,2.5804862337793043e-05
0.00668,2.5824199067623617e-05
0.00669,2.5843521329262684e-05
0.0067,2.5862829155138037e-05
0.00671,2.588212257755652e-05
0.00672,2.5901401628704647e-05
0.00673,2.592066634064924e-05
0.00674,2.593991674533805e-05
0.00675,2.595915287460036e-05
0.00676,2.597837476014762e-05
0.00677,2.5997582433574045e-05
0.00678,2.6016775926357216e-05
0.00679,2.6035955269858706e-05
0.0068,2.6055120495324636e-05
0.00681,2.6074271633886318e-05
0.00682,2.6093408716560805e-05
0.00683,2.61125317742515e-05
0.00684,2.6131640837748726e-05
0.00685,2.6150735937730314e-05
0.00686,2.6169817104762168e-05
0.00687,2.6188884369298846e-05
0.00688,2.6207937761684113e-05
0.00689,2.6226977312151528e-05
0.0069,2.6246003050824973e-05
0.00691,2.626501500771923e-05
0.00692,2.6284013212740538e-05
0.00693,2.630299769568712e-05
0.00694,2.632196848624975e-05
0.00695,2.6340925614012265e-05
0.00696,2.6359869108452157e-05
0.00697,2.6378798998941042e-05
0.00698,2.639771531474525e-05
0.00699,2.64166180850263e-05
0.007,2.643550733884147e-05
0.00701,2.6454383105144296e-05
0.00702,2.6473245412785094e-05
0.00703,2.6492094290511454e-05
0.00704,2.65109297669688e-05
0.00705,2.6529751870700848e-05
0.00706,2.654856063015014e-05
0.00707,2.6567356073658533e-05
0.00708,2.6586138229467693e-05
0.00709,2.6604907125719614e-05
0.0071,2.6623662790457086e-05
0.00711,2.6642405251624183e-05
0.00712,2.666113453706677e-05
0.00713,2.667985067453297e-05
0.00714,2.6698553691673644e-05
0.00715,2.6717243616042858e-05
0.00716,2.6735920475098396e-05
0.00717,2.6754584296202186e-05
0.00718,2.6773235106620776e-05
0.00719,2.679187293352583e-05
0.0072,2.6810497803994555e-05
0.00721,2.6829109745010168e-05
0.00722,2.684770878346237e-05
0.00723,2.6866294946147766e-05
0.00724,2.6884868259770365e-05
0.00725,2.6903428750941966e-05
0.00726,2.692197644618265e-05
0.00727,2.694051137192121e-05
0.00728,2.695903355449559e-05
0.00729,2.6977543020153294e-05
0.0073,2.699603979505188e-05
0.00731,2.701452390525932e-05
0.00732,2.7032995376754502e-05
0.00733,2.7051454235427584e-05
0.00734,2.706990050708047e-05
0.00735,2.708833421742722e-05
0.00736,2.7106755392094444e-05
0.00737,2.712516405662174e-05
0.00738,2.7143560236462108e-05
0.00739,2.7161943956982343e-05
0.0074,2.7180315243463465e-05
0.00741,2.719867412110111e-05
0.00742,2.7217020615005936e-05
0.00743,2.7235354750204018e-05
0.00744,2.7253676551637272e-05
0.00745,2.7271986044163818e-05
0.00746,2.7290283252558386e-05
0.00747,2.730856820151272e-05
0.00748,2.732684091563594e-05
0.00749,2.7345101419454957e-05
0.0075,2.7363349737414826e-05
0.00751,2.7381585893879173e-05
0.00752,2.7399809913130522e-05
0.00753,2.741802181937071e-05
0.00754,2.7436221636721247e-05
0.00755,2.745440938922369e-05
0.00756,2.7472585100840015e-05
0.00757,2.749074879545298e-05
0.00758,2.7508900496866508e-05
0.00759,2.7527040228806024e-05
0.0076,2.7545168014918836e-05
0.00761,2.7563283878774502e-05
0.00762,2.758138784386517e-05
0.00763,2.7599479933605926e-05
0.00764,2.7617560171335177e-05
0.00765,2.763562858031497e-05
0.00766,2.765368518373138e-05
0.00767,2.7671730004694816e-05
0.00768,2.768976306624038e-05
0.00769,2.7707784391328234e-05
0.0077,2.7725794002843915e-05
0.00771,2.774379192359866e-05
0.00772,2.776177817632979e-05
0.00773,2.7779752783701005e-05
0.00774,2.7797715768302737e-05
0.00775,2.781566715265247e-05
0.00776,2.783360695919507e-05
0.00777,2.7851535210303127e-05
0.00778,2.786945192827727e-05
0.00779,2.788735713534649e-05
0.0078,2.7905250853668443e-05
0.00781,2.7923133105329815e-05
0.00782,2.794100391234661e-05
0.00783,2.7958863296664467e-05
0.00784,2.7976711280158976e-05
0.00785,2.7994547884635985e-05
0.00786,2.8012373131831943e-05
0.00787,2.803018704341415e-05
0.00788,2.804798964098114e-05
0.00789,2.8065780946062917e-05
0.0079,2.8083560980121292e-05
0.00791,2.8101329764550177e-05
0.00792,2.8119087320675904e-05
0.00793,2.8136833669757498e-05
0.00794,2.8154568832986985e-05
0.00795,2.8172292831489682e-05
0.00796,2.81900056863245e-05
0.00797,2.8207707418484234e-05
0.00798,2.822539804889584e-05
0.00799,2.824307759842075e-05
0.008,2.8260746087855122e-05
0.00801,2.827840353793017e-05
0.00802,2.8296049969312398e-05
0.00803,2.831368540260393e-05
0.00804,2.833130985834276e-05
0.00805,2.834892335700304e-05
0.00806,2.8366525918995357e-05
0.00807,2.838411756466701e-05
0.00808,2.840169831430228e-05
0.00809,2.841926818812271e-05
0.0081,2.843682720628739e-05
0.00811,2.8454375388893167e-05
0.00812,2.8471912755975002e-05
0.00813,2.8489439327506162e-05
0.00814,2.8506955123398528e-05
0.00815,2.852446016350284e-05
0.00816,2.8541954467608963e-05
0.00817,2.855943805544615e-05
0.00818,2.8576910946683315e-05
0.00819,2.8594373160929258e-05
0.0082,2.8611824717732953e-05
0.00821,2.862926563658378e-05
0.00822,2.8646695936911807e-05
0.00823,2.8664115638088025e-05
0.00824,2.8681524759424582e-05
0.00825,2.8698923320175063e-05
0.00826,2.8716311339534727e-05
0.00827,2.8733688836640757e-05
0.00828,2.875105583057249e-05
0.00829,2.8768412340351686e-05
0.0083,2.8785758384942752e-05
0.00831,2.8803093983252995e-05
0.00832,2.8820419154132845e-05
0.00833,2.8837733916376133e-05
0.00834,2.8855038288720272e-05
0.00835,2.8872332289846552e-05
0.00836,2.8889615938380327e-05
0.00837,2.8906889252891277e-05
0.00838,2.892415225189364e-05
0.00839,2.8941404953846432e-05
0.0084,2.8958647377153677e-05
0.00841,2.8975879540164654e-05
0.00842,2.899310146117409e-05
0.00843,2.9010313158422437e-05
0.00844,2.9027514650096047e-05
0.00845,2.9044705954327434e-05
0.00846,2.9061887089195468e-05
0.00847,2.907905807272562e-05
0.00848,2.909621892289017e-05
0.00849,2.911336965760842e-05
0.0085,2.913051029474694e-05
0.00851,2.914764085211975e-05
0.00852,2.9164761347488564e-05
0.00853,2.9181871798562988e-05
0.00854,2.9198972223000735e-05
0.00855,2.921606263840785e-05
0.00856,2.923314306233892e-05
0.00857,2.925021351229725e-05
0.00858,2.9267274005735137e-05
0.00859,2.9284324560054006e-05
0.0086,2.9301365192604675e-05
0.00861,2.9318395920687544e-05
0.00862,2.933541676155276e-05
0.00863,2.9352427732400493e-05
0.00864,2.9369428850381072e-05
0.00865,2.9386420132595247e-05
0.00866,2.9403401596094317e-05
0.00867,2.9420373257880407e-05
0.00868,2.943733513490661e-05
0.00869,2.9454287244077224e-05
0.0087,2.9471229602247902e-05
0.00871,2.9488162226225894e-05
0.00872,2.9505085132770224e-05
0.00873,2.9521998338591874e-05
0.00874,2.9538901860353982e-05
0.00875,2.955579571467205e-05
0.00876,2.9572679918114107e-05
0.00877,2.9589554487200923e-05
0.00878,2.9606419438406178e-05
0.00879,2.9623274788156656e-05
0.0088,2.964012055283245e-05
0.00881,2.9656956748767114e-05
0.00882,2.967378339224788e-05
0.00883,2.969060049951582e-05
0.00884,2.970740808676603e-05
0.00885,2.9724206170147834e-05
0.00886,2.9740994765764936e-05
0.00887,2.975777388967562e-05
0.00888,2.9774543557892923e-05
0.00889,2.97913037863848e-05
0.0089,2.9808054591074343e-05
0.00891,2.9824795987839905e-05
0.00892,2.9841527992515294e-05
0.00893,2.9858250620889975e-05
0.00894,2.987496388870921e-05
0.00895,2.9891667811674248e-05
0.00896,2.9908362405442477e-05
0.00897,2.9925047685627635e-05
0.00898,2.9941723667799933e-05
0.00899,2.9958390367486254e-05
0.009,2.997504780017033e-05
0.00901,2.999169598129287e-05
0.00902,3.0008334926251766e-05
0.00903,3.0024964650402247e-05
0.00904,3.004158516905703e-05
0.00905,3.0058196497486504e-05
0.00906,3.007479865091889e-05
0.00907,3.0091391644540394e-05
0.00908,3.010797549349538e-05
0.00909,3.0124550212886518e-05
0.0091,3.0141115817774958e-05
0.00911,3.015767232318049e-05
0.00912,3.0174219744081695e-05
0.00913,3.019075809541609e-05
0.00914,3.0207287392080325e-05
0.00915,3.0223807648930297e-05
0.00916,3.0240318880781344e-05
0.00917,3.025682110240835e-05
0.00918,3.027331432854596e-05
0.00919,3.0289798573888678e-05
0.0092,3.0306273853091074e-05
0.00921,3.0322740180767876e-05
0.00922,3.033919757149416e-05
0.00923,3.0355646039805507e-05
0.00924,3.0372085600198126e-05
0.00925,3.0388516267129024e-05
0.00926,3.0404938055016133e-05
0.00927,3.0421350978238472e-05
0.00928,3.0437755051136306e-05
0.00929,3.045415028801126e-05
0.0093,3.0470536703126502e-05
0.00931,3.048691431070685e-05
0.00932,3.050328312493894e-05
0.00933,3.051964315997138e-05
0.00934,3.053599442991484e-05
0.00935,3.055233694884228e-05
0.00936,3.0568670730788994e-05
0.00937,3.058499578975284e-05
0.00938,3.0601312139694294e-05
0.00939,3.061761979453668e-05
0.0094,3.0633918768166225e-05
0.00941,3.065020907443226e-05
0.00942,3.066649072714732e-05
0.00943,3.068276374008729e-05
0.00944,3.0699028126991545e-05
0.00945,3.0715283901563086e-05
0.00946,3.073153107746869e-05
0.00947,3.074776966833898e-05
0.00948,3.076399968776864e-05
0.00949,3.078022114931652e-05
0.0095,3.0796434066505736e-05
0.00951,3.081263845282383e-05
0.00952,3.082883432172291e-05
0.00953,3.084502168661976e-05
0.00954,3.086120056089597e-05
0.00955,3.087737095789809e-05
0.00956,3.0893532890937734e-05
0.00957,3.090968637329169e-05
0.00958,3.0925831418202114e-05
0.00959,3.094196803887658e-05
0.0096,3.0958096248488255e-05
0.00961,3.0974216060176e-05
0.00962,3.0990327487044535e-05
0.00963,3.100643054216449e-05
0.00964,3.1022525238572594e-05
0.00965,3.1038611589271776e-05
0.00966,3.105468960723129e-05
0.00967,3.107075930538682e-05
0.00968,3.108682069664064e-05
0.00969,3.1102873793861677e-05
0.0097,3.11189186098857e-05
0.00971,3.1134955157515375e-05
0.00972,3.115098344952043e-05
0.00973,3.116700349863776e-05
0.00974,3.118301531757154e-05
0.00975,3.119901891899333e-05
0.00976,3.121501431554224e-05
0.00977,3.123100151982497e-05
0.00978,3.1246980544416006e-05
0.00979,3.126295140185768e-05
0.0098,3.1278914104660314e-05
0.00981,3.1294868665302316e-05
0.00982,3.13108150962303e-05
0.00983,3.132675340985922e-05
0.00984,3.1342683618572434e-05
0.00985,3.1358605734721876e-05
0.00986,3.137451977062811e-05
0.00987,3.13904257385805e-05
0.00988,3.140632365083727e-05
0.00989,3.142221351962562e-05
0.0099,3.143809535714188e-05
0.00991,3.145396917555157e-05
0.00992,3.1469834986989544e-05
0.00993,3.1485692803560066e-05
0.00994,3.1501542637336936e-05
0.00995,3.15173845003636e-05
0.00996,3.153321840465325e-05
0.00997,3.1549044362188936e-05
0.00998,3.156486238492365e-05
0.00999,3.1580672484780474e-05
0.01,3.159647467365265e-05
0.01001,3.1612268963403695e-05
0.01002,3.1628055365867486e-05
0.01003,3.164383389284841e-05
0.01004,3.165960455612143e-05
0.01005,3.167536736743218e-05
0.01006,3.16911223384971e-05
0.01007,3.170686948100353e-05
0.01008,3.1722608806609766e-05
0.01009,3.1738340326945234e-05
0.0101,3.175406405361054e-05
0.01011,3.176977999817757e-05
0.01012,3.1785488172189624e-05
0.01013,3.180118858716148e-05
0.01014,3.18168812545795e-05
0.01015,3.183256618590174e-05
0.01016,3.184824339255805e-05
0.01017,3.186391288595016e-05
0.01018,3.1879574677451755e-05
0.01019,3.189522877840863e-05
0.0102,3.1910875200138725e-05
0.01021,3.192651395393226e-05
0.01022,3.1942145051051824e-05
0.01023,3.195776850273243e-05
0.01024,3.1973384320181684e-05
0.01025,3.1988992514579806e-05
0.01026,3.200459309707976e-05
0.01027,3.202018607880736e-05
0.01028,3.20357714708613e-05
0.01029,3.205134928431335e-05
0.0103,3.206691953020833e-05
0.01031,3.2082482219564297e-05
0.01032,3.2098037363372585e-05
0.01033,3.2113584972597884e-05
0.01034,3.212912505817841e-05
0.01035,3.2144657631025885e-05
0.01036,3.2160182702025706e-05
0.01037,3.2175700282037e-05
0.01038,3.219121038189274e-05
0.01039,3.220671301239979e-05
0.0104,3.222220818433902e-05
0.01041,3.2237695908465405e-05
0.01042,3.225317619550809e-05
0.01043,3.2268649056170494e-05
0.01044,3.2284114501130356e-05
0.01045,3.229957254103989e-05
0.01046,3.231502318652581e-05
0.01047,3.2330466448189444e-05
0.01048,3.234590233660682e-05
0.01049,3.236133086232872e-05
0.0105,3.2376752035880804e-05
0.01051,3.239216586776368e-05
0.01052,3.240757236845299e-05
0.01053,3.242297154839945e-05
0.01054,3.243836341802902e-05
0.01055,3.245374798774289e-05
0.01056,3.246912526791766e-05
0.01057,3.248449526890531e-05
0.01058,3.249985800103339e-05
0.01059,3.251521347460504e-05
0.0106,3.253056169989906e-05
0.01061,3.254590268717005e-05
0.01062,3.256123644664842e-05
0.01063,3.2576562988540526e-05
0.01064,3.2591882323028706e-05
0.01065,3.2607194460271394e-05
0.01066,3.262249941040319e-05
0.01067,3.263779718353491e-05
0.01068,3.26530877897537e-05
0.01069,3.266837123912309e-05
0.0107,3.2683647541683094e-05
0.01071,3.269891670745027e-05
0.01072,3.2714178746417785e-05
0.01073,3.2729433668555525e-05
0.01074,3.274468148381014e-05
0.01075,3.275992220210514e-05
0.01076,3.2775155833340966e-05
0.01077,3.279038238739504e-05
0.01078,3.2805601874121894e-05
0.01079,3.2820814303353175e-05
0.0108,3.283601968489779e-05
0.01081,3.2851218028541924e-05
0.01082,3.286640934404914e-05
0.01083,3.288159364116045e-05
0.01084,3.289677092959439e-05
0.01085,3.291194121904707e-05
0.01086,3.292710451919227e-05
0.01087,3.294226083968152e-05
0.01088,3.295741019014415e-05
0.01089,3.297255258018736e-05
0.0109,3.298768801939631e-05
0.01091,3.300281651733418e-05
0.01092,3.3017938083542235e-05
0.01093,3.30330527275399e-05
0.01094,3.304816045882485e-05
0.01095,3.3063261286873036e-05
0.01096,3.307835522113878e-05
0.01097,3.3093442271054886e-05
0.01098,3.310852244603261e-05
0.01099,3.312359575546182e-05
0.011,3.3138662208711e-05
0.01101,3.315372181512738e-05
0.01102,3.316877458403696e-05
0.01103,3.318382052474457e-05
0.01104,3.319885964653397e-05
0.01105,3.321389195866791e-05
0.01106,3.3228917470388156e-05
0.01107,3.324393619091563e-05
0.01108,3.325894812945041e-05
0.01109,3.327395329517182e-05
0.0111,3.32889516972385e-05
0.01111,3.3303943344788484e-05
0.01112,3.3318928246939215e-05
0.01113,3.333390641278767e-05
0.01114,3.334887785141038e-05
0.01115,3.3363842571863516e-05
0.01116,3.3378800583182956e-05
0.01117,3.3393751894384343e-05
0.01118,3.3408696514463126e-05
0.01119,3.342363445239466e-05
0.0112,3.343856571713425e-05
0.01121,3.3453490317617216e-05
0.01122,3.346840826275895e-05
0.01123,3.348331956145499e-05
0.01124,3.349822422258108e-05
0.01125,3.3513122254993193e-05
0.01126,3.3528013667527676e-05
0.01127,3.354289846900124e-05
0.01128,3.3557776668211024e-05
0.01129,3.3572648273934706e-05
0.0113,3.358751329493051e-05
0.01131,3.3602371739937296e-05
0.01132,3.36172236176746e-05
0.01133,3.363206893684274e-05
0.01134,3.3646907706122786e-05
0.01135,3.3661739934176723e-05
0.01136,3.367656562964743e-05
0.01137,3.369138480115879e-05
0.01138,3.3706197457315715e-05
0.01139,3.372100360670422e-05
0.0114,3.3735803257891484e-05
0.01141,3.3750596419425905e-05
0.01142,3.376538309983714e-05
0.01143,3.3780163307636184e-05
0.01144,3.3794937051315436e-05
0.01145,3.380970433934872e-05
0.01146,3.382446518019137e-05
0.01147,3.383921958228028e-05
0.01148,3.385396755403396e-05
0.01149,3.3868709103852576e-05
0.0115,3.3883444240118054e-05
0.01151,3.389817297119407e-05
0.01152,3.391289530542615e-05
0.01153,3.392761125114171e-05
0.01154,3.394232081665013e-05
0.01155,3.395702401024276e-05
0.01156,3.397172084019304e-05
0.01157,3.39864113147565e-05
0.01158,3.400109544217086e-05
0.01159,3.4015773230656016e-05
0.0116,3.403044468841418e-05
0.01161,3.404510982362988e-05
0.01162,3.405976864447001e-05
0.01163,3.407442115908391e-05
0.01164,3.4089067375603406e-05
0.01165,3.410370730214284e-05
0.01166,3.411834094679918e-05
0.01167,3.413296831765202e-05
0.01168,3.4147589422763646e-05
0.01169,3.416220427017909e-05
0.0117,3.417681286792618e-05
0.01171,3.419141522401563e-05
0.01172,3.4206011346441e-05
0.01173,3.422060124317884e-05
0.01174,3.423518492218869e-05
0.01175,3.4249762391413154e-05
0.01176,3.426433365877792e-05
0.01177,3.427889873219186e-05
0.01178,3.429345761954701e-05
0.01179,3.430801032871871e-05
0.0118,3.432255686756558e-05
0.01181,3.433709724392957e-05
0.01182,3.435163146563607e-05
0.01183,3.436615954049392e-05
0.01184,3.438068147629543e-05
0.01185,3.43951972808165e-05
0.01186,3.440970696181659e-05
0.01187,3.4424210527038844e-05
0.01188,3.4438707984210074e-05
0.01189,3.445319934104085e-05
0.0119,3.446768460522552e-05
0.01191,3.4482163784442287e-05
0.01192,3.449663688635323e-05
0.01193,3.4511103918604355e-05
0.01194,3.452556488882566e-05
0.01195,3.454001980463118e-05
0.01196,3.4554468673619e-05
0.01197,3.456891150337134e-05
0.01198,3.45833483014546e-05
0.01199,3.459777907541935e-05
0.012,3.461220383280047e-05
0.01201,3.4626622581117136e-05
0.01202,3.464103532787283e-05
0.01203,3.465544208055549e-05
0.01204,3.4669842846637464e-05
0.01205,3.46842376335756e-05
0.01206,3.469862644881127e-05
0.01207,3.471300929977042e-05
0.01208,3.472738619386363e-05
0.01209,3.474175713848615e-05
0.0121,3.475612214101792e-05
0.01211,3.477048120882365e-05
0.01212,3.478483434925285e-05
0.01213,3.479918156963988e-05
0.01214,3.481352287730397e-05
0.01215,3.482785827954929e-05
0.01216,3.484218778366497e-05
0.01217,3.4856511396925186e-05
0.01218,3.4870829126589146e-05
0.01219,3.4885140979901183e-05
0.0122,3.489944696409076e-05
0.01221,3.4913747086372525e-05
0.01222,3.492804135394639e-05
0.01223,3.4942329773997496e-05
0.01224,3.495661235369632e-05
0.01225,3.4970889100198716e-05
0.01226,3.49851600206459e-05
0.01227,3.499942512216455e-05
0.01228,3.5013684411866826e-05
0.01229,3.50279378968504e-05
0.0123,3.504218558419853e-05
0.01231,3.505642748098007e-05
0.01232,3.507066359424949e-05
0.01233,3.5084893931047016e-05
0.01234,3.5099118498398537e-05
0.01235,3.5113337303315745e-05
0.01236,3.5127550352796136e-05
0.01237,3.514175765382305e-05
0.01238,3.515595921336571e-05
0.01239,3.517015503837929e-05
0.0124,3.518434513580491e-05
0.01241,3.519852951256972e-05
0.01242,3.52127081755869e-05
0.01243,3.5226881131755725e-05
0.01244,3.524104838796159e-05
0.01245,3.525520995107606e-05
0.01246,3.526936582795693e-05
0.01247,3.528351602544818e-05
0.01248,3.5297660550380125e-05
0.01249,3.531179940956937e-05
0.0125,3.5325932609818905e-05
0.01251,3.5340060157918086e-05
0.01252,3.535418206064273e-05
0.01253,3.536829832475511e-05
0.01254,3.538240895700401e-05
0.01255,3.539651396412478e-05
0.01256,3.541061335283934e-05
0.01257,3.542470712985622e-05
0.01258,3.5438795301870647e-05
0.01259,3.545287787556451e-05
0.0126,3.546695485760646e-05
0.01261,3.5481026254651896e-05
0.01262,3.549509207334304e-05
0.01263,3.5509152320308956e-05
0.01264,3.552320700216558e-05
0.01265,3.553725612551578e-05
0.01266,3.555129969694935e-05
0.01267,3.556533772304312e-05
0.01268,3.55793702103609e-05
0.01269,3.559339716545359e-05
0.0127,3.560741859485916e-05
0.01271,3.562143450510275e-05
0.01272,3.563544490269664e-05
0.01273,3.564944979414031e-05
0.01274,3.5663449185920495e-05
0.01275,3.56774430845112e-05
0.01276,3.569143149637373e-05
0.01277,3.5705414427956746e-05
0.01278,3.5719391885696265e-05
0.01279,3.573336387601575e-05
0.0128,3.574733040532607e-05
0.01281,3.576129148002562e-05
0.01282,3.577524710650026e-05
0.01283,3.578919729112345e-05
0.01284,3.58031420402562e-05
0.01285,3.581708136024715e-05
0.01286,3.583101525743258e-05
0.01287,3.584494373813648e-05
0.01288,3.585886680867052e-05
0.01289,3.587278447533415e-05
0.0129,3.5886696744414606e-05
0.01291,3.590060362218692e-05
0.01292,3.591450511491399e-05
0.01293,3.592840122884661e-05
0.01294,3.5942291970223446e-05
0.01295,3.5956177345271165e-05
0.01296,3.597005736020439e-05
0.01297,3.5983932021225765e-05
0.01298,3.599780133452597e-05
0.01299,3.601166530628378e-05
0.013,3.602552394266606e-05
0.01301,3.603937724982783e-05
0.01302,3.6053225233912306e-05
0.01303,3.606706790105087e-05
0.01304,3.608090525736316e-05
0.01305,3.609473730895709e-05
0.01306,3.6108564061928886e-05
0.01307,3.612238552236307e-05
0.01308,3.613620169633255e-05
0.01309,3.6150012589898645e-05
0.0131,3.6163818209111066e-05
0.01311,3.6177618560008006e-05
0.01312,3.6191413648616146e-05
0.01313,3.620520348095065e-05
0.01314,3.6218988063015294e-05
0.01315,3.623276740080237e-05
0.01316,3.624654150029282e-05
0.01317,3.626031036745622e-05
0.01318,3.6274074008250786e-05
0.01319,3.628783242862348e-05
0.0132,3.630158563450997e-05
0.01321,3.631533363183469e-05
0.01322,3.6329076426510856e-05
0.01323,3.6342814024440504e-05
0.01324,3.6356546431514534e-05
0.01325,3.637027365361271e-05
0.01326,3.638399569660371e-05
0.01327,3.639771256634515e-05
0.01328,3.641142426868363e-05
0.01329,3.6425130809454696e-05
0.0133,3.643883219448297e-05
0.01331,3.6452528429582104e-05
0.01332,3.646621952055483e-05
0.01333,3.647990547319301e-05
0.01334,3.649358629327761e-05
0.01335,3.6507261986578815e-05
0.01336,3.652093255885595e-05
0.01337,3.6534598015857624e-05
0.01338,3.654825836332165e-05
0.01339,3.656191360697514e-05
0.0134,3.657556375253451e-05
0.01341,3.6589208805705526e-05
0.01342,3.660284877218332e-05
0.01343,3.661648365765239e-05
0.01344,3.663011346778668e-05
0.01345,3.664373820824958e-05
0.01346,3.665735788469394e-05
0.01347,3.667097250276213e-05
0.01348,3.668458206808602e-05
0.01349,3.6698186586287084e-05
0.0135,3.671178606297634e-05
0.01351,3.672538050375444e-05
0.01352,3.673896991421166e-05
0.01353,3.675255429992795e-05
0.01354,3.6766133666472944e-05
0.01355,3.6779708019406e-05
0.01356,3.679327736427622e-05
0.01357,3.680684170662247e-05
0.01358,3.6820401051973434e-05
0.01359,3.6833955405847594e-05
0.0136,3.6847504773753295e-05
0.01361,3.6861049161188756e-05
0.01362,3.6874588573642115e-05
0.01363,3.6888123016591396e-05
0.01364,3.6901652495504626e-05
0.01365,3.691517701583978e-05
0.01366,3.692869658304485e-05
0.01367,3.694221120255786e-05
0.01368,3.695572087980688e-05
0.01369,3.696922562021007e-05
0.0137,3.6982725429175713e-05
0.01371,3.699622031210219e-05
0.01372,3.700971027437806e-05
0.01373,3.7023195321382076e-05
0.01374,3.703667545848318e-05
0.01375,3.7050150691040564e-05
0.01376,3.706362102440365e-05
0.01377,3.707708646391217e-05
0.01378,3.7090547014896154e-05
0.01379,3.7104002682675956e-05
0.0138,3.711745347256231e-05
0.01381,3.713089938985629e-05
0.01382,3.7144340439849416e-05
0.01383,3.7157776627823625e-05
0.01384,3.71712079590513e-05
0.01385,3.71846344387953e-05
0.01386,3.719805607230899e-05
0.01387,3.7211472864836277e-05
0.01388,3.72248848216116e-05
0.01389,3.723829194785997e-05
0.0139,3.725169424879699e-05
0.01391,3.726509172962892e-05
0.01392,3.7278484395552625e-05
0.01393,3.729187225175566e-05
0.01394,3.730525530341625e-05
0.01395,3.731863355570336e-05
0.01396,3.7332007013776686e-05
0.01397,3.7345375682786674e-05
0.01398,3.735873956787457e-05
0.01399,3.7372098674172424e-05
0.014,3.738545300680309e-05
0.01401,3.739880257088033e-05
0.01402,3.741214737150874e-05
0.01403,3.742548741378382e-05
0.01404,3.7438822702792e-05
0.01405,3.7452153243610665e-05
0.01406,3.746547904130814e-05
0.01407,3.747880010094376e-05
0.01408,3.7492116427567876e-05
0.01409,3.7505428026221855e-05
0.0141,3.751873490193813e-05
0.01411,3.753203705974022e-05
0.01412,3.7545334504642736e-05
0.01413,3.755862724165141e-05
0.01414,3.7571915275763116e-05
0.01415,3.758519861196592e-05
0.01416,3.759847725523903e-05
0.01417,3.7611751210552926e-05
0.01418,3.762502048286928e-05
0.01419,3.7638285077141006e-05
0.0142,3.765154499831233e-05
0.01421,3.766480025131875e-05
0.01422,3.767805084108709e-05
0.01423,3.7691296772535524e-05
0.01424,3.770453805057356e-05
0.01425,3.771777468010211e-05
0.01426,3.7731006666013494e-05
0.01427,3.774423401319144e-05
0.01428,3.775745672651113e-05
0.01429,3.7770674810839205e-05
0.0143,3.778388827103381e-05
0.01431,3.779709711194457e-05
0.01432,3.781030133841268e-05
0.01433,3.782350095527084e-05
0.01434,3.783669596734336e-05
0.01435,3.784988637944611e-05
0.01436,3.786307219638658e-05
0.01437,3.787625342296391e-05
0.01438,3.788943006396887e-05
0.01439,3.790260212418392e-05
0.0144,3.7915769608383185e-05
0.01441,3.792893252133253e-05
0.01442,3.794209086778955e-05
0.01443,3.795524465250359e-05
0.01444,3.796839388021575e-05
0.01445,3.798153855565895e-05
0.01446,3.7994678683557917e-05
0.01447,3.80078142686292e-05
0.01448,3.80209453155812e-05
0.01449,3.8034071829114205e-05
0.0145,3.804719381392038e-05
0.01451,3.8060311274683815e-05
0.01452,3.807342421608052e-05
0.01453,3.808653264277847e-05
0.01454,3.809963655943758e-05
0.01455,3.811273597070978e-05
0.01456,3.812583088123901e-05
0.01457,3.813892129566122e-05
0.01458,3.815200721860442e-05
0.01459,3.816508865468868e-05
0.0146,3.817816560852615e-05
0.01461,3.819123808472111e-05
0.01462,3.820430608786992e-05
0.01463,3.821736962256112e-05
0.01464,3.823042869337539e-05
0.01465,3.8243483304885594e-05
0.01466,3.8256533461656794e-05
0.01467,3.826957916824626e-05
0.01468,3.828262042920353e-05
0.01469,3.8295657249070345e-05
0.0147,3.8308689632380756e-05
0.01471,3.8321717583661086e-05
0.01472,3.8334741107429984e-05
0.01473,3.8347760208198404e-05
0.01474,3.836077489046967e-05
0.01475,3.837378515873943e-05
0.01476,3.838679101749576e-05
0.01477,3.8399792471219115e-05
0.01478,3.841278952438236e-05
0.01479,3.84257821814508e-05
0.0148,3.843877044688221e-05
0.01481,3.84517543251268e-05
0.01482,3.8464733820627306e-05
0.01483,3.847770893781896e-05
0.01484,3.8490679681129506e-05
0.01485,3.8503646054979236e-05
0.01486,3.8516608063781024e-05
0.01487,3.852956571194028e-05
0.01488,3.8542519003855034e-05
0.01489,3.8555467943915936e-05
0.0149,3.856841253650625e-05
0.01491,3.8581352786001884e-05
0.01492,3.8594288696771415e-05
0.01493,3.8607220273176115e-05
0.01494,3.862014751956993e-05
0.01495,3.863307044029954e-05
0.01496,3.8645989039704357e-05
0.01497,3.8658903322116525e-05
0.01498,3.867181329186097e-05
0.01499,3.86847189532554e-05
0.015,3.869762031061032e-05
0.01501,3.871051736822905e-05
0.01502,3.872341013040775e-05
0.01503,3.873629860143544e-05
0.01504,3.874918278559396e-05
0.01505,3.8762062687158096e-05
0.01506,3.87749383103955e-05
0.01507,3.878780965956675e-05
0.01508,3.880067673892535e-05
0.01509,3.8813539552717753e-05
0.0151,3.882639810518338e-05
0.01511,3.883925240055466e-05
0.01512,3.885210244305697e-05
0.01513,3.886494823690874e-05
0.01514,3.887778978632143e-05
0.01515,3.8890627095499526e-05
0.01516,3.890346016864058e-05
0.01517,3.891628900993525e-05
0.01518,3.892911362356726e-05
0.01519,3.894193401371345e-05
0.0152,3.8954750184543805e-05
0.01521,3.896756214022143e-05
0.01522,3.8980369884902597e-05
0.01523,3.899317342273675e-05
0.01524,3.9005972757866543e-05
0.01525,3.90187678944278e-05
0.01526,3.9031558836549586e-05
0.01527,3.9044345588354206e-05
0.01528,3.905712815395722e-05
0.01529,3.9069906537467436e-05
0.0153,3.908268074298696e-05
0.01531,3.909545077461118e-05
0.01532,3.910821663642883e-05
0.01533,3.912097833252195e-05
0.01534,3.913373586696591e-05
0.01535,3.914648924382948e-05
0.01536,3.915923846717477e-05
0.01537,3.917198354105728e-05
0.01538,3.9184724469525945e-05
0.01539,3.919746125662309e-05
0.0154,3.9210193906384485e-05
0.01541,3.922292242283935e-05
0.01542,3.9235646810010364e-05
0.01543,3.92483670719137e-05
0.01544,3.9261083212559e-05
0.01545,3.9273795235949447e-05
0.01546,3.9286503146081707e-05
0.01547,3.929920694694602e-05
0.01548,3.931190664252617e-05
0.01549,3.93246022367995e-05
0.0155,3.933729373373693e-05
0.01551,3.934998113730299e-05
0.01552,3.9362664451455825e-05
0.01553,3.937534368014719e-05
0.01554,3.9388018827322476e-05
0.01555,3.940068989692075e-05
0.01556,3.941335689287472e-05
0.01557,3.942601981911081e-05
0.01558,3.94386786795491e-05
0.01559,3.945133347810342e-05
0.0156,3.94639842186813e-05
0.01561,3.947663090518401e-05
0.01562,3.9489273541506585e-05
0.01563,3.950191213153782e-05
0.01564,3.951454667916029e-05
0.01565,3.952717718825037e-05
0.01566,3.953980366267823e-05
0.01567,3.955242610630789e-05
0.01568,3.956504452299718e-05
0.01569,3.9577658916597775e-05
0.0157,3.959026929095525e-05
0.01571,3.9602875649909026e-05
0.01572,3.961547799729242e-05
0.01573,3.9628076336932666e-05
0.01574,3.96406706726509e-05
0.01575,3.9653261008262205e-05
0.01576,3.9665847347575603e-05
0.01577,3.9678429694394075e-05
0.01578,3.969100805251457e-05
0.01579,3.9703582425728024e-05
0.0158,3.971615281781938e-05
0.01581,3.9728719232567576e-05
0.01582,3.97412816737456e-05
0.01583,3.975384014512045e-05
0.01584,3.97663946504532e-05
0.01585,3.977894519349899e-05
0.01586,3.9791491778007e-05
0.01587,3.980403440772055e-05
0.01588,3.981657308637704e-05
0.01589,3.982910781770798e-05
0.0159,3.984163860543903e-05
0.01591,3.985416545328998e-05
0.01592,3.986668836497478e-05
0.01593,3.987920734420154e-05
0.01594,3.989172239467257e-05
0.01595,3.9904233520084356e-05
0.01596,3.991674072412759e-05
0.01597,3.9929244010487214e-05
0.01598,3.994174338284237e-05
0.01599,3.995423884486644e-05
0.016,3.9966730400227106e-05
0.01601,3.997921805258627e-05
0.01602,3.999170180560016e-05
0.01603,4.0004181662919264e-05
0.01604,4.0016657628188394e-05
0.01605,4.002912970504669e-05
0.01606,4.0041597897127605e-05
0.01607,4.005406220805896e-05
0.01608,4.00665226414629e-05
0.01609,4.007897920095599e-05
0.0161,4.009143189014911e-05
0.01611,4.01038807126476e-05
0.01612,4.011632567205116e-05
0.01613,4.012876677195393e-05
0.01614,4.014120401594447e-05
0.01615,4.015363740760579e-05
0.01616,4.016606695051536e-05
0.01617,4.017849264824509e-05
0.01618,4.019091450436139e-05
0.01619,4.0203332522425184e-05
0.0162,4.021574670599184e-05
0.01621,4.022815705861127e-05
0.01622,4.024056358382793e-05
0.01623,4.025296628518078e-05
0.01624,4.0265365166203375e-05
0.01625,4.0277760230423766e-05
0.01626,4.0290151481364645e-05
0.01627,4.030253892254323e-05
0.01628,4.031492255747138e-05
0.01629,4.032730238965555e-05
0.0163,4.033967842259679e-05
0.01631,4.03520506597908e-05
0.01632,4.036441910472794e-05
0.01633,4.03767837608932e-05
0.01634,4.038914463176624e-05
0.01635,4.04015017208214e-05
0.01636,4.041385503152771e-05
0.01637,4.042620456734889e-05
0.01638,4.043855033174338e-05
0.01639,4.0450892328164356e-05
0.0164,4.046323056005969e-05
0.01641,4.0475565030872034e-05
0.01642,4.0487895744038785e-05
0.01643,4.0500222702992104e-05
0.01644,4.0512545911158924e-05
0.01645,4.0524865371960986e-05
0.01646,4.053718108881481e-05
0.01647,4.0549493065131754e-05
0.01648,4.056180130431796e-05
0.01649,4.057410580977446e-05
0.0165,4.0586406584897065e-05
0.01651,4.0598703633076494e-05
0.01652,4.0610996957698314e-05
0.01653,4.062328656214295e-05
0.01654,4.063557244978576e-05
0.01655,4.064785462399695e-05
0.01656,4.066013308814166e-05
0.01657,4.0672407845579974e-05
0.01658,4.068467889966686e-05
0.01659,4.069694625375227e-05
0.0166,4.070920991118108e-05
0.01661,4.072146987529314e-05
0.01662,4.073372614942328e-05
0.01663,4.074597873690129e-05
0.01664,4.0758227641051996e-05
0.01665,4.077047286519519e-05
0.01666,4.078271441264571e-05
0.01667,4.07949522867134e-05
0.01668,4.0807186490703154e-05
0.01669,4.0819417027914896e-05
0.0167,4.0831643901643636e-05
0.01671,4.084386711517942e-05
0.01672,4.085608667180739e-05
0.01673,4.0868302574807775e-05
0.01674,4.088051482745591e-05
0.01675,4.089272343302223e-05
0.01676,4.090492839477229e-05
0.01677,4.091712971596677e-05
0.01678,4.09293273998615e-05
0.01679,4.094152144970746e-05
0.0168,4.0953711868750795e-05
0.01681,4.096589866023278e-05
0.01682,4.0978081827389936e-05
0.01683,4.0990261373453905e-05
0.01684,4.1002437301651594e-05
0.01685,4.1014609615205074e-05
0.01686,4.102677831733166e-05
0.01687,4.10389434112439e-05
0.01688,4.105110490014954e-05
0.01689,4.106326278725163e-05
0.0169,4.107541707574845e-05
0.01691,4.108756776883356e-05
0.01692,4.109971486969578e-05
0.01693,4.111185838151926e-05
0.01694,4.1123998307483405e-05
0.01695,4.113613465076295e-05
0.01696,4.114826741452796e-05
0.01697,4.11603966019438e-05
0.01698,4.1172522216171176e-05
0.01699,4.118464426036617e-05
0.017,4.119676273768019e-05
0.01701,4.120887765126002e-05
0.01702,4.122098900424783e-05
0.01703,4.123309679978115e-05
0.01704,4.124520104099295e-05
0.01705,4.1257301731011556e-05
0.01706,4.1269398872960724e-05
0.01707,4.1281492469959635e-05
0.01708,4.129358252512292e-05
0.01709,4.130566904156062e-05
0.0171,4.131775202237825e-05
0.01711,4.1329831470676785e-05
0.01712,4.134190738955265e-05
0.01713,4.135397978209777e-05
0.01714,4.136604865139954e-05
0.01715,4.137811400054087e-05
0.01716,4.139017583260017e-05
0.01717,4.1402234150651363e-05
0.01718,4.141428895776389e-05
0.01719,4.142634025700276e-05
0.0172,4.143838805142847e-05
0.01721,4.1450432344097126e-05
0.01722,4.1462473138060344e-05
0.01723,4.147451043636535e-05
0.01724,4.1486544242054935e-05
0.01725,4.149857455816746e-05
0.01726,4.1510601387736926e-05
0.01727,4.1522624733792896e-05
0.01728,4.1534644599360575e-05
0.01729,4.1546660987460775e-05
0.0173,4.155867390110996e-05
0.01731,4.157068334332022e-05
0.01732,4.1582689317099294e-05
0.01733,4.159469182545059e-05
0.01734,4.160669087137319e-05
0.01735,4.1618686457861834e-05
0.01736,4.1630678587906955e-05
0.01737,4.164266726449468e-05
0.01738,4.165465249060686e-05
0.01739,4.166663426922102e-05
0.0174,4.167861260331042e-05
0.01741,4.169058749584405e-05
0.01742,4.1702558949786664e-05
0.01743,4.171452696809871e-05
0.01744,4.172649155373642e-05
0.01745,4.1738452709651795e-05
0.01746,4.1750410438792604e-05
0.01747,4.176236474410238e-05
0.01748,4.177431562852045e-05
0.01749,4.1786263094981954e-05
0.0175,4.179820714641782e-05
0.01751,4.1810147785754786e-05
0.01752,4.1822085015915444e-05
0.01753,4.1834018839818174e-05
0.01754,4.1845949260377216e-05
0.01755,4.1857876280502664e-05
0.01756,4.1869799903100444e-05
0.01757,4.1881720131072376e-05
0.01758,4.189363696731612e-05
0.01759,4.190555041472524e-05
0.0176,4.191746047618917e-05
0.01761,4.192936715459326e-05
0.01762,4.194127045281875e-05
0.01763,4.1953170373742786e-05
0.01764,4.1965066920238464e-05
0.01765,4.1976960095174775e-05
0.01766,4.198884990141666e-05
0.01767,4.2000736341825016e-05
0.01768,4.201261941925668e-05
0.01769,4.202449913656445e-05
0.0177,4.2036375496597095e-05
0.01771,4.204824850219937e-05
0.01772,4.206011815621201e-05
0.01773,4.207198446147172e-05
0.01774,4.2083847420811234e-05
0.01775,4.209570703705929e-05
0.01776,4.210756331304064e-05
0.01777,4.211941625157605e-05
0.01778,4.213126585548233e-05
0.01779,4.214311212757233e-05
0.0178,4.215495507065494e-05
0.01781,4.216679468753511e-05
0.01782,4.217863098101386e-05
0.01783,4.219046395388827e-05
0.01784,4.220229360895149e-05
0.01785,4.221411994899278e-05
0.01786,4.222594297679749e-05
0.01787,4.223776269514705e-05
0.01788,4.2249579106819026e-05
0.01789,4.226139221458708e-05
0.0179,4.2273202021221014e-05
0.01791,4.2285008529486754e-05
0.01792,4.2296811742146356e-05
0.01793,4.230861166195805e-05
0.01794,4.23204082916762e-05
0.01795,4.2332201634051334e-05
0.01796,4.2343991691830154e-05
0.01797,4.235577846775554e-05
0.01798,4.236756196456656e-05
0.01799,4.237934218499845e-05
0.018,4.239111913178269e-05
0.01801,4.2402892807646916e-05
0.01802,4.241466321531503e-05
0.01803,4.242643035750711e-05
0.01804,4.2438194236939476e-05
0.01805,4.2449954856324705e-05
0.01806,4.246171221837161e-05
0.01807,4.247346632578523e-05
0.01808,4.248521718126688e-05
0.01809,4.249696478751415e-05
0.0181,4.250870914722088e-05
0.01811,4.252045026307721e-05
0.01812,4.2532188137769556e-05
0.01813,4.254392277398063e-05
0.01814,4.255565417438946e-05
0.01815,4.256738234167135e-05
0.01816,4.257910727849795e-05
0.01817,4.259082898753721e-05
0.01818,4.260254747145342e-05
0.01819,4.261426273290722e-05
0.0182,4.262597477455557e-05
0.01821,4.2637683599051794e-05
0.01822,4.264938920904557e-05
0.01823,4.266109160718296e-05
0.01824,4.267279079610635e-05
0.01825,4.2684486778454554e-05
0.01826,4.2696179556862745e-05
0.01827,4.27078691339625e-05
0.01828,4.27195555123818e-05
0.01829,4.2731238694745e-05
0.0183,4.2742918683672916e-05
0.01831,4.275459548178275e-05
0.01832,4.276626909168815e-05
0.01833,4.277793951599917e-05
0.01834,4.278960675732235e-05
0.01835,4.280127081826063e-05
0.01836,4.2812931701413445e-05
0.01837,4.282458940937665e-05
0.01838,4.283624394474261e-05
0.01839,4.2847895310100124e-05
0.0184,4.285954350803451e-05
0.01841,4.2871188541127545e-05
0.01842,4.288283041195752e-05
0.01843,4.289446912309921e-05
0.01844,4.290610467712391e-05
0.01845,4.2917737076599424e-05
0.01846,4.292936632409008e-05
0.01847,4.2940992422156734e-05
0.01848,4.295261537335678e-05
0.01849,4.296423518024414e-05
0.0185,4.297585184536929e-05
0.01851,4.298746537127926e-05
0.01852,4.299907576051765e-05
0.01853,4.3010683015624605e-05
0.01854,4.302228713913687e-05
0.01855,4.303388813358774e-05
0.01856,4.3045486001507144e-05
0.01857,4.3057080745421543e-05
0.01858,4.306867236785403e-05
0.01859,4.3080260871324306e-05
0.0186,4.309184625834867e-05
0.01861,4.3103428531440067e-05
0.01862,4.311500769310803e-05
0.01863,4.312658374585873e-05
0.01864,4.313815669219501e-05
0.01865,4.3149726534616326e-05
0.01866,4.3161293275618785e-05
0.01867,4.3172856917695154e-05
0.01868,4.318441746333486e-05
0.01869,4.319597491502401e-05
0.0187,4.320752927524538e-05
0.01871,4.3219080546478417e-05
0.01872,4.323062873119926e-05
0.01873,4.324217383188078e-05
0.01874,4.325371585099248e-05
0.01875,4.3265254791000594e-05
0.01876,4.327679065436811e-05
0.01877,4.328832344355468e-05
0.01878,4.329985316101671e-05
0.01879,4.331137980920732e-05
0.0188,4.332290339057638e-05
0.01881,4.333442390757049e-05
0.01882,4.334594136263301e-05
0.01883,4.3357455758204056e-05
0.01884,4.33689670967205e-05
0.01885,4.338047538061596e-05
0.01886,4.3391980612320876e-05
0.01887,4.340348279426242e-05
0.01888,4.341498192886456e-05
0.01889,4.342647801854807e-05
0.0189,4.3437971065730516e-05
0.01891,4.3449461072826264e-05
0.01892,4.3460948042246474e-05
0.01893,4.3472431976399136e-05
0.01894,4.348391287768907e-05
0.01895,4.349539074851789e-05
0.01896,4.3506865591284074e-05
0.01897,4.351833740838292e-05
0.01898,4.35298062022066e-05
0.01899,4.3541271975144075e-05
0.019,4.355273472958121e-05
0.01901,4.356419446790073e-05
0.01902,4.35756511924822e-05
0.01903,4.3587104905702074e-05
0.01904,4.359855560993369e-05
0.01905,4.361000330754727e-05
0.01906,4.3621448000909896e-05
0.01907,4.3632889692385585e-05
0.01908,4.364432838433525e-05
0.01909,4.365576407911669e-05
0.0191,4.3667196779084605e-05
0.01911,4.367862648659067e-05
0.01912,4.369005320398343e-05
0.01913,4.3701476933608384e-05
0.01914,4.371289767780796e-05
0.01915,4.372431543892152e-05
0.01916,4.3735730219285396e-05
0.01917,4.374714202123285e-05
0.01918,4.37585508470941e-05
0.01919,4.376995669919634e-05
0.0192,4.378135957986372e-05
0.01921,4.3792759491417386e-05
0.01922,4.380415643617544e-05
0.01923,4.381555041645298e-05
0.01924,4.38269414345621e-05
0.01925,4.383832949281186e-05
0.01926,4.3849714593508376e-05
0.01927,4.386109673895472e-05
0.01928,4.3872475931451e-05
0.01929,4.388385217329434e-05
0.0193,4.389522546677887e-05
0.01931,4.3906595814195794e-05
0.01932,4.3917963217833293e-05
0.01933,4.392932767997663e-05
0.01934,4.394068920290809e-05
0.01935,4.395204778890702e-05
0.01936,4.396340344024982e-05
0.01937,4.3974756159209937e-05
0.01938,4.39861059480579e-05
0.01939,4.3997452809061316e-05
0.0194,4.400879674448485e-05
0.01941,4.4020137756590256e-05
0.01942,4.4031475847636385e-05
0.01943,4.404281101987916e-05
0.01944,4.405414327557161e-05
0.01945,4.406547261696389e-05
0.01946,4.407679904630323e-05
0.01947,4.408812256583398e-05
0.01948,4.409944317779764e-05
0.01949,4.411076088443278e-05
0.0195,4.412207568797515e-05
0.01951,4.4133387590657614e-05
0.01952,4.414469659471015e-05
0.01953,4.4156002702359924e-05
0.01954,4.416730591583122e-05
0.01955,4.417860623734549e-05
0.01956,4.418990366912135e-05
0.01957,4.4201198213374566e-05
0.01958,4.4212489872318094e-05
0.01959,4.422377864816205e-05
0.0196,4.423506454311371e-05
0.01961,4.424634755937759e-05
0.01962,4.4257627699155335e-05
0.01963,4.4268904964645833e-05
0.01964,4.428017935804514e-05
0.01965,4.4291450881546536e-05
0.01966,4.430271953734051e-05
0.01967,4.431398532761475e-05
0.01968,4.4325248254554175e-05
0.01969,4.4336508320340935e-05
0.0197,4.434776552715439e-05
0.01971,4.4359019877171164e-05
0.01972,4.437027137256509e-05
0.01973,4.4381520015507266e-05
0.01974,4.439276580816603e-05
0.01975,4.440400875270697e-05
0.01976,4.441524885129296e-05
0.01977,4.4426486106084094e-05
0.01978,4.4437720519237774e-05
0.01979,4.4448952092908655e-05
0.0198,4.4460180829248674e-05
0.01981,4.447140673040706e-05
0.01982,4.448262979853031e-05
0.01983,4.449385003576224e-05
0.01984,4.4505067444243944e-05
0.01985,4.451628202611383e-05
0.01986,4.45274937835076e-05
0.01987,4.453870271855828e-05
0.01988,4.454990883339621e-05
0.01989,4.456111213014904e-05
0.0199,4.457231261094177e-05
0.01991,4.4583510277896716e-05
0.01992,4.459470513313352e-05
0.01993,4.4605897178769174e-05
0.01994,4.461708641691802e-05
0.01995,4.462827284969174e-05
0.01996,4.463945647919939e-05
0.01997,4.465063730754734e-05
0.01998,4.4661815336839376e-05
0.01999,4.467299056917663e-05
0.02,4.468416300665759e-05
0.02001,4.469533265137814e-05
0.02002,4.4706499505431567e-05
0.02003,4.471766357090848e-05
0.02004,4.472882484989694e-05
0.02005,4.473998334448238e-05
0.02006,4.4751139056747636e-05
0.02007,4.476229198877294e-05
0.02008,4.477344214263595e-05
0.02009,4.4784589520411725e-05
0.0201,4.479573412417275e-05
0.02011,4.4806875955988914e-05
0.02012,4.481801501792756e-05
0.02013,4.482915131205344e-05
0.02014,4.484028484042877e-05
0.02015,4.485141560511316e-05
0.02016,4.486254360816372e-05
0.02017,4.487366885163496e-05
0.02018,4.4884791337578886e-05
0.02019,4.4895911068044937e-05
0.0202,4.490702804508001e-05
0.02021,4.491814227072849e-05
0.02022,4.4929253747032205e-05
0.02023,4.494036247603051e-05
0.02024,4.495146845976017e-05
0.02025,4.4962571700255496e-05
0.02026,4.4973672199548246e-05
0.02027,4.498476995966771e-05
0.02028,4.499586498264062e-05
0.02029,4.500695727049127e-05
0.0203,4.501804682524143e-05
0.02031,4.502913364891038e-05
0.02032,4.504021774351491e-05
0.02033,4.5051299111069354e-05
0.02034,4.5062377753585536e-05
0.02035,4.5073453673072844e-05
0.02036,4.508452687153817e-05
0.02037,4.509559735098593e-05
0.02038,4.510666511341813e-05
0.02039,4.5117730160834276e-05
0.0204,4.5128792495231445e-05
0.02041,4.513985211860425e-05
0.02042,4.515090903294487e-05
0.02043,4.516196324024307e-05
0.02044,4.517301474248613e-05
0.02045,4.5184063541658934e-05
0.02046,4.519510963974393e-05
0.02047,4.520615303872114e-05
0.02048,4.5217193740568196e-05
0.02049,4.522823174726028e-05
0.0205,4.523926706077017e-05
0.02051,4.525029968306827e-05
0.02052,4.5261329616122536e-05
0.02053,4.527235686189857e-05
0.02054,4.528338142235954e-05
0.02055,4.5294403299466255e-05
0.02056,4.530542249517713e-05
0.02057,4.5316439011448205e-05
0.02058,4.532745285023313e-05
0.02059,4.533846401348319e-05
0.0206,4.53494725031473e-05
0.02061,4.536047832117202e-05
0.02062,4.537148146950151e-05
0.02063,4.5382481950077625e-05
0.02064,4.5393479764839846e-05
0.02065,4.540447491572529e-05
0.02066,4.541546740466875e-05
0.02067,4.542645723360267e-05
0.02068,4.543744440445716e-05
0.02069,4.5448428919159985e-05
0.0207,4.5459410779636604e-05
0.02071,4.547038998781013e-05
0.02072,4.548136654560136e-05
0.02073,4.549234045492877e-05
0.02074,4.5503311717708545e-05
0.02075,4.551428033585453e-05
0.02076,4.5525246311278294e-05
0.02077,4.553620964588906e-05
0.02078,4.554717034159382e-05
0.02079,4.5558128400297197e-05
0.0208,4.5569083823901586e-05
0.02081,4.558003661430705e-05
0.02082,4.559098677341141e-05
0.02083,4.560193430311018e-05
0.02084,4.561287920529661e-05
0.02085,4.5623821481861674e-05
0.02086,4.563476113469408e-05
0.02087,4.564569816568028e-05
0.02088,4.565663257670446e-05
0.02089,4.566756436964855e-05
0.0209,4.567849354639223e-05
0.02091,4.568942010881293e-05
0.02092,4.5700344058785835e-05
0.02093,4.57112653981839e-05
0.02094,4.572218412887782e-05
0.02095,4.5733100252736096e-05
0.02096,4.5744013771624955e-05
0.02097,4.575492468740841e-05
0.02098,4.576583300194828e-05
0.02099,4.577673871710415e-05
0.021,4.578764183473336e-05
0.02101,4.5798542356691083e-05
0.02102,4.580944028483026e-05
0.02103,4.5820335621001644e-05
0.02104,4.5831228367053785e-05
0.02105,4.584211852483301e-05
0.02106,4.58530060961835e-05
0.02107,4.5863891082947194e-05
0.02108,4.58747734869639e-05
0.02109,4.588565331007121e-05
0.0211,4.589653055410454e-05
0.02111,4.590740522089715e-05
0.02112,4.59182773122801e-05
0.02113,4.592914683008231e-05
0.02114,4.5940013776130536e-05
0.02115,4.595087815224934e-05
0.02116,4.596173996026117e-05
0.02117,4.5972599201986294e-05
0.02118,4.5983455879242854e-05
0.02119,4.599430999384681e-05
0.0212,4.6005161547612016e-05
0.02121,4.601601054235018e-05
0.02122,4.602685697987084e-05
0.02123,4.6037700861981454e-05
0.02124,4.604854219048732e-05
0.02125,4.605938096719162e-05
0.02126,4.607021719389541e-05
0.02127,4.608105087239764e-05
0.02128,4.609188200449513e-05
0.02129,4.610271059198261e-05
0.0213,4.611353663665266e-05
0.02131,4.612436014029583e-05
0.02132,4.613518110470049e-05
0.02133,4.614599953165297e-05
0.02134,4.615681542293747e-05
0.02135,4.6167628780336135e-05
0.02136,4.617843960562899e-05
0.02137,4.618924790059399e-05
0.02138,4.620005366700703e-05
0.02139,4.621085690664189e-05
0.0214,4.62216576212703e-05
0.02141,4.6232455812661934e-05
0.02142,4.624325148258436e-05
0.02143,4.6254044632803124e-05
0.02144,4.6264835265081685e-05
0.02145,4.6275623381181466e-05
0.02146,4.628640898286182e-05
0.02147,4.629719207188007e-05
0.02148,4.630797264999146e-05
0.02149,4.631875071894923e-05
0.0215,4.6329526280504564e-05
0.02151,4.6340299336406594e-05
0.02152,4.635106988840245e-05
0.02153,4.636183793823721e-05
0.02154,4.6372603487653936e-05
0.02155,4.6383366538393664e-05
0.02156,4.639412709219541e-05
0.02157,4.6404885150796163e-05
0.02158,4.641564071593093e-05
0.02159,4.642639378933267e-05
0.0216,4.643714437273238e-05
0.02161,4.6447892467859005e-05
0.02162,4.645863807643952e-05
0.02163,4.64693812001989e-05
0.02164,4.648012184086012e-05
0.02165,4.649086000014416e-05
0.02166,4.650159567977004e-05
0.02167,4.6512328881454755e-05
0.02168,4.6523059606913353e-05
0.02169,4.6533787857858885e-05
0.0217,4.654451363600245e-05
0.02171,4.6555236943053154e-05
0.02172,4.656595778071813e-05
0.02173,4.657667615070258e-05
0.02174,4.6587392054709714e-05
0.02175,4.659810549444078e-05
0.02176,4.6608816471595104e-05
0.02177,4.661952498787002e-05
0.02178,4.6630231044960954e-05
0.02179,4.6640934644561345e-05
0.0218,4.665163578836273e-05
0.02181,4.6662334478054664e-05
0.02182,4.667303071532479e-05
0.02183,4.668372450185883e-05
0.02184,4.6694415839340545e-05
0.02185,4.670510472945179e-05
0.02186,4.671579117387249e-05
0.02187,4.6726475174280646e-05
0.02188,4.673715673235234e-05
0.02189,4.6747835849761764e-05
0.0219,4.675851252818115e-05
0.02191,4.676918676928087e-05
0.02192,4.677985857472935e-05
0.02193,4.679052794619315e-05
0.02194,4.68011948853369e-05
0.02195,4.6811859393823354e-05
0.02196,4.6822521473313356e-05
0.02197,4.683318112546588e-05
0.02198,4.6843838351937986e-05
0.02199,4.685449315438488e-05
0.022,4.686514553445984e-05
0.02201,4.6875795493814336e-05
0.02202,4.688644303409789e-05
0.02203,4.689708815695821e-05
0.02204,4.6907730864041084e-05
0.02205,4.691837115699047e-05
0.02206,4.692900903744845e-05
0.02207,4.693964450705524e-05
0.02208,4.6950277567449205e-05
0.02209,4.696090822026685e-05
0.0221,4.697153646714283e-05
0.02211,4.698216230970997e-05
0.02212,4.6992785749599216e-05
0.02213,4.700340678843968e-05
0.02214,4.701402542785866e-05
0.02215,4.7024641669481576e-05
0.02216,4.7035255514932054e-05
0.02217,4.704586696583185e-05
0.02218,4.705647602380093e-05
0.02219,4.7067082690457395e-05
0.0222,4.707768696741755e-05
0.02221,4.708828885629589e-05
0.02222,4.709888835870505e-05
0.02223,4.7109485476255895e-05
0.02224,4.712008021055746e-05
0.02225,4.713067256321695e-05
0.02226,4.714126253583981e-05
0.02227,4.715185013002964e-05
0.02228,4.716243534738827e-05
0.02229,4.717301818951573e-05
0.0223,4.718359865801023e-05
0.02231,4.7194176754468215e-05
0.02232,4.720475248048432e-05
0.02233,4.721532583765142e-05
0.02234,4.7225896827560575e-05
0.02235,4.72364654518011e-05
0.02236,4.72470317119605e-05
0.02237,4.725759560962453e-05
0.02238,4.726815714637717e-05
0.02239,4.72787163238006e-05
0.0224,4.728927314347528e-05
0.02241,4.729982760697988e-05
0.02242,4.731037971589129e-05
0.02243,4.732092947178469e-05
0.02244,4.7331476876233466e-05
0.02245,4.7342021930809275e-05
0.02246,4.7352564637082e-05
0.02247,4.7363104996619804e-05
0.02248,4.737364301098908e-05
0.02249,4.73841786817545e-05
0.0225,4.739471201047898e-05
0.02251,4.740524299872371e-05
0.02252,4.741577164804814e-05
0.02253,4.742629796001e-05
0.02254,4.743682193616527e-05
0.02255,4.7447343578068246e-05
0.02256,4.745786288727145e-05
0.02257,4.746837986532571e-05
0.02258,4.747889451378015e-05
0.02259,4.748940683418214e-05
0.0226,4.749991682807737e-05
0.02261,4.751042449700982e-05
0.02262,4.752092984252174e-05
0.02263,4.75314328661537e-05
0.02264,4.754193356944455e-05
0.02265,4.755243195393146e-05
0.02266,4.756292802114988e-05
0.02267,4.757342177263359e-05
0.02268,4.758391320991465e-05
0.02269,4.759440233452347e-05
0.0227,4.760488914798874e-05
0.02271,4.7615373651837475e-05
0.02272,4.762585584759502e-05
0.02273,4.763633573678504e-05
0.02274,4.764681332092952e-05
0.02275,4.765728860154876e-05
0.02276,4.766776158016141e-05
0.02277,4.767823225828444e-05
0.02278,4.768870063743316e-05
0.02279,4.769916671912121e-05
0.0228,4.770963050486058e-05
0.02281,4.7720091996161594e-05
0.02282,4.7730551194532933e-05
0.02283,4.7741008101481606e-05
0.02284,4.775146271851297e-05
0.02285,4.776191504713078e-05
0.02286,4.777236508883708e-05
0.02287,4.7782812845132326e-05
0.02288,4.77932583175153e-05
0.02289,4.780370150748316e-05
0.0229,4.781414241653144e-05
0.02291,4.7824581046154016e-05
0.02292,4.783501739784315e-05
0.02293,4.784545147308947e-05
0.02294,4.785588327338199e-05
0.02295,4.786631280020809e-05
0.02296,4.7876740055053535e-05
0.02297,4.788716503940247e-05
0.02298,4.789758775473743e-05
0.02299,4.790800820253934e-05
0.023,4.791842638428749e-05
0.02301,4.7928842301459584e-05
0.02302,4.793925595553173e-05
0.02303,4.794966734797842e-05
0.02304,4.796007648027252e-05
0.02305,4.797048335388536e-05
0.02306,4.798088797028662e-05
0.02307,4.799129033094441e-05
0.02308,4.8001690437325236e-05
0.02309,4.801208829089403e-05
0.0231,4.802248389311413e-05
0.02311,4.803287724544731e-05
0.02312,4.804326834935371e-05
0.02313,4.805365720629195e-05
0.02314,4.806404381771906e-05
0.02315,4.8074428185090467e-05
0.02316,4.8084810309860046e-05
0.02317,4.809519019348012e-05
0.02318,4.810556783740141e-05
0.02319,4.8115943243073095e-05
0.0232,4.812631641194279e-05
0.02321,4.8136687345456554e-05
0.02322,4.814705604505887e-05
0.02323,4.8157422512192686e-05
0.02324,4.816778674829938e-05
0.02325,4.81781487548188e-05
0.02326,4.8188508533189225e-05
0.02327,4.819886608484741e-05
0.02328,4.820922141122854e-05
0.02329,4.8219574513766286e-05
0.0233,4.822992539389276e-05
0.02331,4.824027405303855e-05
0.02332,4.825062049263271e-05
0.02333,4.8260964714102747e-05
0.02334,4.827130671887465e-05
0.02335,4.828164650837289e-05
0.02336,4.829198408402039e-05
0.02337,4.830231944723857e-05
0.02338,4.831265259944732e-05
0.02339,4.832298354206502e-05
0.0234,4.8333312276508525e-05
0.02341,4.834363880419318e-05
0.02342,4.835396312653282e-05
0.02343,4.836428524493976e-05
0.02344,4.837460516082484e-05
0.02345,4.838492287559735e-05
0.02346,4.839523839066511e-05
0.02347,4.840555170743444e-05
0.02348,4.841586282731014e-05
0.02349,4.8426171751695535e-05
0.0235,4.8436478481992446e-05
0.02351,4.8446783019601215e-05
0.02352,4.8457085365920665e-05
0.02353,4.846738552234818e-05
0.02354,4.8477683490279616e-05
0.02355,4.8487979271109364e-05
0.02356,4.849827286623034e-05
0.02357,4.850856427703398e-05
0.02358,4.8518853504910226e-05
0.02359,4.8529140551247584e-05
0.0236,4.853942541743304e-05
0.02361,4.8549708104852164e-05
0.02362,4.8559988614889016e-05
0.02363,4.857026694892621e-05
0.02364,4.858054310834489e-05
0.02365,4.859081709452475e-05
0.02366,4.860108890884402e-05
0.02367,4.861135855267948e-05
0.02368,4.862162602740644e-05
0.02369,4.863189133439877e-05
0.0237,4.864215447502889e-05
0.02371,4.8652415450667765e-05
0.02372,4.866267426268493e-05
0.02373,4.867293091244846e-05
0.02374,4.8683185401325004e-05
0.02375,4.8693437730679756e-05
0.02376,4.8703687901876484e-05
0.02377,4.8713935916277515e-05
0.02378,4.872418177524375e-05
0.02379,4.873442548013465e-05
0.0238,4.8744667032308273e-05
0.02381,4.87549064331212e-05
0.02382,4.876514368392865e-05
0.02383,4.877537878608437e-05
0.02384,4.878561174094071e-05
0.02385,4.879584254984859e-05
0.02386,4.8806071214157536e-05
0.02387,4.881629773521565e-05
0.02388,4.882652211436959e-05
0.02389,4.883674435296466e-05
0.0239,4.8846964452344715e-05
0.02391,4.885718241385222e-05
0.02392,4.8867398238828245e-05
0.02393,4.887761192861244e-05
0.02394,4.888782348454306e-05
0.02395,4.889803290795697e-05
0.02396,4.890824020018963e-05
0.02397,4.8918445362575135e-05
0.02398,4.892864839644612e-05
0.02399,4.893884930313394e-05
0.024,4.894904808396846e-05
0.02401,4.895924474027821e-05
0.02402,4.896943927339032e-05
0.02403,4.8979631684630554e-05
0.02404,4.898982197532328e-05
0.02405,4.900001014679149e-05
0.02406,4.9010196200356844e-05
0.02407,4.902038013733957e-05
0.02408,4.9030561959058534e-05
0.02409,4.9040741666831274e-05
0.0241,4.905091926197392e-05
0.02411,4.906109474580125e-05
0.02412,4.9071268119626685e-05
0.02413,4.9081439384762264e-05
0.02414,4.90916085425187e-05
0.02415,4.910177559420533e-05
0.02416,4.911194054113012e-05
0.02417,4.912210338459972e-05
0.02418,4.91322641259194e-05
0.02419,4.914242276639308e-05
0.0242,4.915257930732336e-05
0.02421,4.916273375001145e-05
0.02422,4.917288609575726e-05
0.02423,4.918303634585933e-05
0.02424,4.919318450161489e-05
0.02425,4.9203330564319776e-05
0.02426,4.9213474535268574e-05
0.02427,4.922361641575445e-05
0.02428,4.923375620706929e-05
0.02429,4.924389391050363e-05
0.0243,4.9254029527346686e-05
0.02431,4.926416305888635e-05
0.02432,4.927429450640917e-05
0.02433,4.92844238712004e-05
0.02434,4.929455115454395e-05
0.02435,4.9304676357722434e-05
0.02436,4.9314799482017124e-05
0.02437,4.9324920528707985e-05
0.02438,4.93350394990737e-05
0.02439,4.934515639439158e-05
0.0244,4.935527121593768e-05
0.02441,4.936538396498674e-05
0.02442,4.937549464281216e-05
0.02443,4.938560325068608e-05
0.02444,4.939570978987931e-05
0.02445,4.9405814261661365e-05
0.02446,4.941591666730047e-05
0.02447,4.942601700806355e-05
0.02448,4.943611528521623e-05
0.02449,4.9446211500022845e-05
0.0245,4.945630565374647e-05
0.02451,4.946639774764883e-05
0.02452,4.9476487782990423e-05
0.02453,4.948657576103042e-05
0.02454,4.9496661683026725e-05
0.02455,4.950674555023597e-05
0.02456,4.951682736391348e-05
0.02457,4.952690712531335e-05
0.02458,4.953698483568835e-05
0.02459,4.954706049628998e-05
0.0246,4.9557134108368514e-05
0.02461,4.956720567317292e-05
0.02462,4.957727519195088e-05
0.02463,4.958734266594885e-05
0.02464,4.959740809641199e-05
0.02465,4.9607471484584225e-05
0.02466,4.961753283170819e-05
0.02467,4.962759213902526e-05
0.02468,4.963764940777559e-05
0.02469,4.964770463919805e-05
0.0247,4.965775783453024e-05
0.02471,4.9667808995008554e-05
0.02472,4.96778581218681e-05
0.02473,4.968790521634272e-05
0.02474,4.9697950279665065e-05
0.02475,4.9707993313066494e-05
0.02476,4.971803431777716e-05
0.02477,4.9728073295025914e-05
0.02478,4.973811024604043e-05
0.02479,4.974814517204712e-05
0.0248,4.975817807427115e-05
0.02481,4.9768208953936465e-05
0.02482,4.9778237812265746e-05
0.02483,4.97882646504805e-05
0.02484,4.979828946980095e-05
0.02485,4.9808312271446136e-05
0.02486,4.981833305663383e-05
0.02487,4.982835182658059e-05
0.02488,4.983836858250177e-05
0.02489,4.984838332561151e-05
0.0249,4.9858396057122675e-05
0.02491,4.9868406778246975e-05
0.02492,4.987841549019487e-05
0.02493,4.988842219417561e-05
0.02494,4.989842689139726e-05
0.02495,4.990842958306662e-05
0.02496,4.991843027038934e-05
0.02497,4.9928428954569815e-05
0.02498,4.993842563681126e-05
0.02499,4.994842031831568e-05
0.025,4.995841300028388e-05
0.02501,4.9968403683915465e-05
0.02502,4.997839237040882e-05
0.02503,4.998837906096117e-05
0.02504,4.999836375676853e-05
0.02505,5.000834645902569e-05
0.02506,5.00183271689263e-05
0.02507,5.002830588766277e-05
0.02508,5.003828261642635e-05
0.02509,5.004825735640711e-05
0.0251,5.005823010879391e-05
0.02511,5.0068200874774445e-05
0.02512,5.00781696555352e-05
0.02513,5.0088136452261524e-05
0.02514,5.009810126613755e-05
0.02515,5.0108064098346235e-05
0.02516,5.01180249500694e-05
0.02517,5.012798382248762e-05
0.02518,5.013794071678037e-05
0.02519,5.014789563412592e-05
0.0252,5.0157848575701386e-05
0.02521,5.0167799542682674e-05
0.02522,5.017774853624457e-05
0.02523,5.01876955575607e-05
0.02524,5.019764060780347e-05
0.02525,5.0207583688144187e-05
0.02526,5.021752479975298e-05
0.02527,5.02274639437988e-05
0.02528,5.023740112144945e-05
0.02529,5.024733633387161e-05
0.0253,5.025726958223076e-05
0.02531,5.026720086769124e-05
0.02532,5.027713019141628e-05
0.02533,5.02870575545679e-05
0.02534,5.029698295830703e-05
0.02535,5.0306906403793414e-05
0.02536,5.0316827892185664e-05
0.02537,5.032674742464126e-05
0.02538,5.033666500231654e-05
0.02539,5.034658062636669e-05
0.0254,5.035649429794576e-05
0.02541,5.036640601820669e-05
0.02542,5.037631578830125e-05
0.02543,5.03862236093801e-05
0.02544,5.039612948259276e-05
0.02545,5.040603340908763e-05
0.02546,5.041593539001197e-05
0.02547,5.042583542651192e-05
0.02548,5.043573351973248e-05
0.02549,5.0445629670817564e-05
0.0255,5.045552388090993e-05
0.02551,5.046541615115123e-05
0.02552,5.047530648268198e-05
0.02553,5.048519487664161e-05
0.02554,5.0495081334168415e-05
0.02555,5.050496585639957e-05
0.02556,5.051484844447115e-05
0.02557,5.0524729099518105e-05
0.02558,5.053460782267431e-05
0.02559,5.054448461507247e-05
0.0256,5.055435947784424e-05
0.02561,5.0564232412120154e-05
0.02562,5.0574103419029634e-05
0.02563,5.058397249970101e-05
0.02564,5.05938396552615e-05
0.02565,5.060370488683722e-05
0.02566,5.061356819555323e-05
0.02567,5.062342958253342e-05
0.02568,5.063328904890064e-05
0.02569,5.064314659577666e-05
0.0257,5.06530022242821e-05
0.02571,5.066285593553654e-05
0.02572,5.067270773065846e-05
0.02573,5.0682557610765227e-05
0.02574,5.069240557697315e-05
0.02575,5.070225163039745e-05
0.02576,5.0712095772152265e-05
0.02577,5.072193800335065e-05
0.02578,5.073177832510457e-05
0.02579,5.074161673852492e-05
0.0258,5.0751453244721535e-05
0.02581,5.076128784480313e-05
0.02582,5.0771120539877395e-05
0.02583,5.0780951331050935e-05
0.02584,5.079078021942925e-05
0.02585,5.080060720611683e-05
0.02586,5.081043229221704e-05
0.02587,5.08202554788322e-05
0.02588,5.083007676706359e-05
0.02589,5.083989615801139e-05
0.0259,5.0849713652774714e-05
0.02591,5.085952925245166e-05
0.02592,5.086934295813923e-05
0.02593,5.0879154770933366e-05
0.02594,5.088896469192898e-05
0.02595,5.08987727222199e-05
0.02596,5.090857886289893e-05
0.02597,5.0918383115057795e-05
0.02598,5.092818547978717e-05
0.02599,5.093798595817672e-05
0.026,5.0947784551315e-05
0.02601,5.095758126028956e-05
0.02602,5.09673760861869e-05
0.02603,5.097716903009247e-05
0.02604,5.0986960093090685e-05
0.02605,5.09967492762649e-05
0.02606,5.1006536580697456e-05
0.02607,5.1016322007469626e-05
0.02608,5.102610555766169e-05
0.02609,5.103588723235285e-05
0.0261,5.104566703262127e-05
0.02611,5.105544495954414e-05
0.02612,5.106522101419756e-05
0.02613,5.107499519765662e-05
0.02614,5.1084767510995386e-05
0.02615,5.109453795528689e-05
0.02616,5.1104306531603144e-05
0.02617,5.111407324101512e-05
0.02618,5.112383808459279e-05
0.02619,5.1133601063405096e-05
0.0262,5.1143362178519964e-05
0.02621,5.115312143100428e-05
0.02622,5.116287882192393e-05
0.02623,5.117263435234379e-05
0.02624,5.118238802332769e-05
0.02625,5.119213983593849e-05
0.02626,5.120188979123801e-05
0.02627,5.121163789028707e-05
0.02628,5.122138413414546e-05
0.02629,5.1231128523872e-05
0.0263,5.124087106052447e-05
0.02631,5.125061174515966e-05
0.02632,5.126035057883334e-05
0.02633,5.127008756260031e-05
0.02634,5.127982269751432e-05
0.02635,5.128955598462818e-05
0.02636,5.129928742499364e-05
0.02637,5.13090170196615e-05
0.02638,5.1318744769681533e-05
0.02639,5.1328470676102545e-05
0.0264,5.133819473997232e-05
0.02641,5.1347916962337666e-05
0.02642,5.135763734424441e-05
0.02643,5.136735588673735e-05
0.02644,5.137707259086035e-05
0.02645,5.138678745765622e-05
0.02646,5.1396500488166875e-05
0.02647,5.140621168343317e-05
0.02648,5.141592104449501e-05
0.02649,5.1425628572391284e-05
0.0265,5.143533426815995e-05
0.02651,5.1445038132837965e-05
0.02652,5.14547401674613e-05
0.02653,5.1464440373064946e-05
0.02654,5.1474138750682956e-05
0.02655,5.1483835301348355e-05
0.02656,5.149353002609324e-05
0.02657,5.150322292594871e-05
0.02658,5.151291400194491e-05
0.02659,5.1522603255111e-05
0.0266,5.153229068647519e-05
0.02661,5.154197629706471e-05
0.02662,5.155166008790583e-05
0.02663,5.156134206002386e-05
0.02664,5.157102221444314e-05
0.02665,5.158070055218707e-05
0.02666,5.1590377074278044e-05
0.02667,5.1600051781737556e-05
0.02668,5.1609724675586086e-05
0.02669,5.1619395756843205e-05
0.0267,5.1629065026527494e-05
0.02671,5.163873248565661e-05
0.02672,5.1648398135247234e-05
0.02673,5.165806197631511e-05
0.02674,5.166772400987503e-05
0.02675,5.1677384236940815e-05
0.02676,5.168704265852537e-05
0.02677,5.169669927564065e-05
0.02678,5.170635408929764e-05
0.02679,5.171600710050642e-05
0.0268,5.172565831027607e-05
0.02681,5.173530771961481e-05
0.02682,5.174495532952984e-05
0.02683,5.175460114102746e-05
0.02684,5.176424515511304e-05
0.02685,5.177388737279099e-05
0.02686,5.178352779506481e-05
0.02687,5.179316642293703e-05
0.02688,5.1802803257409294e-05
0.02689,5.181243829948228e-05
0.0269,5.182207155015574e-05
0.02691,5.18317030104285e-05
0.02692,5.184133268129848e-05
0.02693,5.185096056376264e-05
0.02694,5.1860586658817034e-05
0.02695,5.187021096745678e-05
0.02696,5.18798334906761e-05
0.02697,5.188945422946825e-05
0.02698,5.1899073184825596e-05
0.02699,5.1908690357739574e-05
0.027,5.191830574920072e-05
0.02701,5.1927919360198626e-05
0.02702,5.193753119172198e-05
0.02703,5.194714124475856e-05
0.02704,5.195674952029524e-05
0.02705,5.196635601931794e-05
0.02706,5.1975960742811725e-05
0.02707,5.198556369176069e-05
0.02708,5.199516486714809e-05
0.02709,5.2004764269956206e-05
0.0271,5.2014361901166445e-05
0.02711,5.2023957761759326e-05
0.02712,5.203355185271443e-05
0.02713,5.2043144175010455e-05
0.02714,5.205273472962518e-05
0.02715,5.206232351753549e-05
0.02716,5.207191053971741e-05
0.02717,5.2081495797145985e-05
0.02718,5.2091079290795446e-05
0.02719,5.210066102163908e-05
0.0272,5.211024099064927e-05
0.02721,5.211981919879756e-05
0.02722,5.212939564705454e-05
0.02723,5.2138970336389954e-05
0.02724,5.2148543267772636e-05
0.02725,5.215811444217053e-05
0.02726,5.2167683860550684e-05
0.02727,5.2177251523879285e-05
0.02728,5.218681743312161e-05
0.02729,5.219638158924206e-05
0.0273,5.220594399320417e-05
0.02731,5.221550464597057e-05
0.02732,5.2225063548503e-05
0.02733,5.223462070176234e-05
0.02734,5.2244176106708606e-05
0.02735,5.22537297643009e-05
0.02736,5.226328167549745e-05
0.02737,5.227283184125565e-05
0.02738,5.2282380262531985e-05
0.02739,5.229192694028206e-05
0.0274,5.230147187546063e-05
0.02741,5.2311015069021566e-05
0.02742,5.2320556521917885e-05
0.02743,5.2330096235101724e-05
0.02744,5.2339634209524336e-05
0.02745,5.234917044613614e-05
0.02746,5.235870494588665e-05
0.02747,5.2368237709724575e-05
0.02748,5.237776873859769e-05
0.02749,5.2387298033452957e-05
0.0275,5.239682559523647e-05
0.02751,5.240635142489344e-05
0.02752,5.2415875523368227e-05
0.02753,5.242539789160436e-05
0.02754,5.243491853054449e-05
0.02755,5.2444437441130405e-05
0.02756,5.2453954624303056e-05
0.02757,5.2463470081002514e-05
0.02758,5.2472983812168045e-05
0.02759,5.2482495818738005e-05
0.0276,5.2492006101649945e-05
0.02761,5.250151466184054e-05
0.02762,5.251102150024565e-05
0.02763,5.2520526617800235e-05
0.02764,5.253003001543846e-05
0.02765,5.253953169409362e-05
0.02766,5.254903165469818e-05
0.02767,5.2558529898183737e-05
0.02768,5.2568026425481075e-05
0.02769,5.257752123752012e-05
0.0277,5.2587014335229974e-05
0.02771,5.2596505719538873e-05
0.02772,5.260599539137424e-05
0.02773,5.261548335166266e-05
0.02774,5.262496960132987e-05
0.02775,5.2634454141300796e-05
0.02776,5.26439369724995e-05
0.02777,5.265341809584922e-05
0.02778,5.266289751227238e-05
0.02779,5.2672375222690565e-05
0.0278,5.268185122802453e-05
0.02781,5.2691325529194205e-05
0.02782,5.2700798127118676e-05
0.02783,5.271026902271623e-05
0.02784,5.2719738216904314e-05
0.02785,5.2729205710599545e-05
0.02786,5.273867150471774e-05
0.02787,5.274813560017386e-05
0.02788,5.2757597997882085e-05
0.02789,5.276705869875575e-05
0.0279,5.277651770370737e-05
0.02791,5.278597501364866e-05
0.02792,5.27954306294905e-05
0.02793,5.280488455214296e-05
0.02794,5.281433678251531e-05
0.02795,5.282378732151597e-05
0.02796,5.28332361700526e-05
0.02797,5.2842683329032e-05
0.02798,5.28521287993602e-05
0.02799,5.286157258194238e-05
0.028,5.287101467768294e-05
0.02801,5.288045508748548e-05
0.02802,5.288989381225274e-05
0.02803,5.289933085288673e-05
0.02804,5.290876621028859e-05
0.02805,5.291819988535872e-05
0.02806,5.2927631878996646e-05
0.02807,5.2937062192101144e-05
0.02808,5.294649082557019e-05
0.02809,5.295591778030092e-05
0.0281,5.29653430571897e-05
0.02811,5.297476665713211e-05
0.02812,5.298418858102291e-05
0.02813,5.299360882975608e-05
0.02814,5.3003027404224784e-05
0.02815,5.3012444305321436e-05
0.02816,5.30218595339376e-05
0.02817,5.3031273090964096e-05
0.02818,5.304068497729093e-05
0.02819,5.305009519380731e-05
0.0282,5.3059503741401695e-05
0.02821,5.306891062096173e-05
0.02822,5.307831583337423e-05
0.02823,5.308771937952533e-05
0.02824,5.309712126030028e-05
0.02825,5.31065214765836e-05
0.02826,5.311592002925901e-05
0.02827,5.312531691920944e-05
0.02828,5.3134712147317065e-05
0.02829,5.314410571446326e-05
0.0283,5.3153497621528616e-05
0.02831,5.316288786939298e-05
0.02832,5.317227645893539e-05
0.02833,5.31816633910341e-05
0.02834,5.3191048666566626e-05
0.02835,5.32004322864097e-05
0.02836,5.320981425143923e-05
0.02837,5.321919456253043e-05
0.02838,5.322857322055769e-05
0.02839,5.3237950226394645e-05
0.0284,5.324732558091417e-05
0.02841,5.325669928498835e-05
0.02842,5.326607133948853e-05
0.02843,5.3275441745285276e-05
0.02844,5.3284810503248365e-05
0.02845,5.3294177614246846e-05
0.02846,5.3303543079149e-05
0.02847,5.3312906898822316e-05
0.02848,5.332226907413354e-05
0.02849,5.333162960594868e-05
0.0285,5.334098849513293e-05
0.02851,5.335034574255078e-05
0.02852,5.335970134906594e-05
0.02853,5.336905531554135e-05
0.02854,5.337840764283921e-05
0.02855,5.338775833182096e-05
0.02856,5.339710738334729e-05
0.02857,5.340645479827811e-05
0.02858,5.3415800577472645e-05
0.02859,5.342514472178928e-05
0.0286,5.3434487232085716e-05
0.02861,5.344382810921889e-05
0.02862,5.345316735404496e-05
0.02863,5.346250496741937e-05
0.02864,5.347184095019679e-05
0.02865,5.348117530323119e-05
0.02866,5.3490508027375747e-05
0.02867,5.34998391234829e-05
0.02868,5.350916859240437e-05
0.02869,5.3518496434991115e-05
0.0287,5.352782265209337e-05
0.02871,5.35371472445606e-05
0.02872,5.354647021324155e-05
0.02873,5.355579155898424e-05
0.02874,5.3565111282635924e-05
0.02875,5.357442938504314e-05
0.02876,5.358374586705166e-05
0.02877,5.359306072950657e-05
0.02878,5.360237397325217e-05
0.02879,5.361168559913206e-05
0.0288,5.362099560798911e-05
0.02881,5.363030400066543e-05
0.02882,5.363961077800241e-05
0.02883,5.3648915940840737e-05
0.02884,5.3658219490020336e-05
0.02885,5.366752142638041e-05
0.02886,5.3676821750759465e-05
0.02887,5.368612046399522e-05
0.02888,5.369541756692474e-05
0.02889,5.37047130603843e-05
0.0289,5.3714006945209505e-05
0.02891,5.37232992222352e-05
0.02892,5.373258989229553e-05
0.02893,5.374187895622392e-05
0.02894,5.375116641485305e-05
0.02895,5.3760452269014896e-05
0.02896,5.376973651954073e-05
0.02897,5.377901916726108e-05
0.02898,5.378830021300578e-05
0.02899,5.379757965760393e-05
0.029,5.380685750188393e-05
0.02901,5.381613374667345e-05
0.02902,5.3825408392799484e-05
0.02903,5.383468144108825e-05
0.02904,5.38439528923653e-05
0.02905,5.3853222747455484e-05
0.02906,5.386249100718291e-05
0.02907,5.387175767237098e-05
0.02908,5.388102274384242e-05
0.02909,5.389028622241923e-05
0.0291,5.3899548108922676e-05
0.02911,5.390880840417337e-05
0.02912,5.391806710899118e-05
0.02913,5.392732422419528e-05
0.02914,5.3936579750604145e-05
0.02915,5.3945833689035564e-05
0.02916,5.395508604030659e-05
0.02917,5.3964336805233605e-05
0.02918,5.397358598463227e-05
0.02919,5.3982833579317564e-05
0.0292,5.399207959010376e-05
0.02921,5.400132401780442e-05
0.02922,5.4010566863232454e-05
0.02923,5.401980812720003e-05
0.02924,5.402904781051864e-05
0.02925,5.403828591399909e-05
0.02926,5.404752243845147e-05
0.02927,5.40567573846852e-05
0.02928,5.4065990753509003e-05
0.02929,5.4075222545730894e-05
0.0293,5.408445276215824e-05
0.02931,5.4093681403597675e-05
0.02932,5.410290847085517e-05
0.02933,5.411213396473599e-05
0.02934,5.412135788604473e-05
0.02935,5.413058023558531e-05
0.02936,5.413980101416094e-05
0.02937,5.4149020222574164e-05
0.02938,5.415823786162681e-05
0.02939,5.4167453932120074e-05
0.0294,5.417666843485444e-05
0.02941,5.4185881370629715e-05
0.02942,5.419509274024503e-05
0.02943,5.4204302544498824e-05
0.02944,5.421351078418889e-05
0.02945,5.42227174601123e-05
0.02946,5.423192257306549e-05
0.02947,5.42411261238442e-05
0.02948,5.425032811324348e-05
0.02949,5.4259528542057746e-05
0.0295,5.426872741108069e-05
0.02951,5.4277924721105396e-05
0.02952,5.4287120472924216e-05
0.02953,5.429631466732885e-05
0.02954,5.430550730511034e-05
0.02955,5.4314698387059056e-05
0.02956,5.4323887913964686e-05
0.02957,5.4333075886616255e-05
0.02958,5.4342262305802136e-05
0.02959,5.435144717231002e-05
0.0296,5.436063048692693e-05
0.02961,5.4369812250439225e-05
0.02962,5.437899246363263e-05
0.02963,5.438817112729217e-05
0.02964,5.439734824220222e-05
0.02965,5.440652380914649e-05
0.02966,5.441569782890803e-05
0.02967,5.442487030226924e-05
0.02968,5.443404123001187e-05
0.02969,5.4443210612916966e-05
0.0297,5.445237845176496e-05
0.02971,5.4461544747335625e-05
0.02972,5.4470709500408036e-05
0.02973,5.447987271176068e-05
0.02974,5.4489034382171324e-05
0.02975,5.449819451241711e-05
0.02976,5.4507353103274544e-05
0.02977,5.451651015551946e-05
0.02978,5.4525665669927035e-05
0.02979,5.45348196472718e-05
0.0298,5.4543972088327635e-05
0.02981,5.4553122993867794e-05
0.02982,5.4562272364664856e-05
0.02983,5.457142020149075e-05
0.02984,5.458056650511677e-05
0.02985,5.458971127631358e-05
0.02986,5.459885451585117e-05
0.02987,5.460799622449888e-05
0.02988,5.461713640302544e-05
0.02989,5.4626275052198914e-05
0.0299,5.4635412172786734e-05
0.02991,5.464454776555567e-05
0.02992,5.465368183127188e-05
0.02993,5.4662814370700865e-05
0.02994,5.4671945384607484e-05
0.02995,5.4681074873755966e-05
0.02996,5.4690202838909914e-05
0.02997,5.4699329280832255e-05
0.02998,5.4708454200285305e-05
0.02999,5.4717577598030756e-05
